"Date","Time (GMT)","Highest","MHHW (ft)","MHW (ft)","MSL (ft)","MTL (ft)","MLW (ft)","MLLW (ft)","Lowest (ft)","Inf"
"1950/01/01","00:00","5.312","NaN","3.793","1.722","1.634","-0.528","NaN","-2.188","0"
"1950/02/01","00:00","6.312","NaN","3.944","1.893","1.801","-0.338","NaN","-2.789","0"
"1950/03/01","00:00","5.614","NaN","3.543","1.453","1.371","-0.797","NaN","-3.189","0"
"1950/04/01","00:00","5.814","NaN","4.154","1.982","1.923","-0.308","NaN","-1.686","0"
"1950/05/01","00:00","5.814","NaN","4.232","2.011","1.952","-0.328","NaN","-1.388","0"
"1950/06/01","00:00","5.814","NaN","4.173","2.011","1.952","-0.269","NaN","-1.086","0"
"1950/07/01","00:00","5.413","NaN","4.203","2.073","1.991","-0.207","NaN","-0.886","0"
"1950/08/01","00:00","5.312","NaN","4.344","2.244","2.172","0.013","NaN","-0.787","0"
"1950/09/01","00:00","6.414","NaN","4.491","2.402","2.333","0.184","NaN","-0.988","0"
"1950/10/01","00:00","6.014","NaN","4.383","2.323","2.254","0.131","NaN","-1.686","0"
"1950/11/01","00:00","9.114","NaN","4.554","2.402","2.372","0.203","NaN","-1.588","0"
"1950/12/01","00:00","7.612","NaN","4.324","2.231","2.172","0.033","NaN","-1.788","0"
"1951/01/01","00:00","5.814","NaN","3.973","1.873","1.801","-0.377","NaN","-2.087","0"
"1951/02/01","00:00","6.112","NaN","3.953","1.903","1.801","-0.358","NaN","-3.786","0"
"1951/03/01","00:00","6.214","NaN","4.554","2.474","2.382","0.223","NaN","-1.886","0"
"1951/04/01","00:00","5.712","NaN","4.344","2.221","2.123","-0.098","NaN","-1.588","0"
"1951/05/01","00:00","6.312","NaN","4.564","2.431","2.343","0.131","NaN","-0.787","0"
"1951/06/01","00:00","6.014","NaN","4.692","2.572","2.484","0.282","NaN","-0.886","0"
"1951/07/01","00:00","6.112","NaN","4.373","2.264","2.201","0.023","NaN","-1.188","0"
"1951/08/01","00:00","5.912","NaN","4.544","2.421","2.343","0.154","NaN","-0.787","0"
"1951/09/01","00:00","5.512","NaN","4.472","2.362","2.274","0.072","NaN","-0.886","0"
"1951/10/01","00:00","6.014","NaN","4.623","2.493","2.402","0.184","NaN","-1.086","0"
"1951/11/01","00:00","7.011","NaN","4.324","2.172","2.103","-0.128","NaN","-2.687","0"
"1951/12/01","00:00","6.112","NaN","4.101","1.864","1.824","-0.456","NaN","-2.087","0"
"1952/01/01","00:00","6.014","NaN","4.124","2.044","1.952","-0.217","NaN","-1.988","0"
"1952/02/01","00:00","6.014","NaN","4.124","2.021","1.942","-0.246","NaN","-2.287","0"
"1952/03/01","00:00","5.912","NaN","4.262","2.201","2.113","-0.036","NaN","-1.788","0"
"1952/04/01","00:00","5.512","NaN","4.324","2.264","2.172","0.023","NaN","-1.388","0"
"1952/05/01","00:00","6.614","NaN","4.482","2.421","2.343","0.194","NaN","-0.787","0"
"1952/06/01","00:00","5.814","NaN","4.462","2.343","2.264","0.062","NaN","-1.086","0"
"1952/07/01","00:00","6.014","NaN","4.311","2.201","2.113","-0.098","NaN","-1.286","0"
"1952/08/01","00:00","5.814","NaN","4.373","2.283","2.182","-0.016","NaN","-1.486","0"
"1952/09/01","00:00","5.814","NaN","4.593","2.431","2.362","0.131","NaN","-1.286","0"
"1952/10/01","00:00","5.712","NaN","4.252","2.093","1.982","-0.279","NaN","-2.188","0"
"1952/11/01","00:00","6.414","NaN","4.432","2.283","2.211","-0.007","NaN","-1.188","0"
"1952/12/01","00:00","6.713","NaN","4.554","2.402","2.362","0.164","NaN","-1.686","0"
"1953/01/01","00:00","6.112","NaN","4.442","2.362","2.293","0.131","NaN","-1.686","0"
"1953/02/01","00:00","6.312","NaN","3.862","1.762","1.693","-0.479","NaN","-2.687","0"
"1953/03/01","00:00","5.912","NaN","4.334","2.201","2.123","-0.089","NaN","-1.988","0"
"1953/04/01","00:00","6.112","NaN","4.373","2.264","2.172","-0.036","NaN","-2.687","0"
"1953/05/01","00:00","6.014","NaN","4.633","2.513","2.444","0.253","NaN","-0.689","0"
"1953/06/01","00:00","5.512","NaN","4.413","2.254","2.162","-0.089","NaN","-1.188","0"
"1953/07/01","00:00","5.413","NaN","4.501","2.303","2.231","-0.046","NaN","-1.188","0"
"1953/08/01","00:00","5.614","NaN","4.564","2.382","2.313","0.052","NaN","-1.086","0"
"1953/09/01","00:00","5.614","NaN","4.511","2.392","2.303","0.092","NaN","-1.286","0"
"1953/10/01","00:00","7.411","NaN","4.554","2.454","2.392","0.223","NaN","-0.988","0"
"1953/11/01","00:00","9.511","NaN","4.534","2.372","2.313","0.092","NaN","-0.988","0"
"1953/12/01","00:00","5.413","NaN","3.842","1.772","1.693","-0.456","NaN","-2.188","0"
"1954/01/01","00:00","6.112","NaN","4.032","1.962","1.903","-0.217","NaN","-1.886","0"
"1954/02/01","00:00","5.814","NaN","4.134","2.034","1.962","-0.207","NaN","-1.686","0"
"1954/03/01","00:00","5.614","NaN","3.983","1.834","1.722","-0.548","NaN","-2.887","0"
"1954/04/01","00:00","5.512","NaN","4.222","2.064","1.982","-0.256","NaN","-2.589","0"
"1954/05/01","00:00","6.811","NaN","4.721","2.493","2.392","0.062","NaN","-1.086","0"
"1954/06/01","00:00","5.912","NaN","4.613","2.431","2.343","0.072","NaN","-1.086","0"
"1954/07/01","00:00","5.413","NaN","4.544","2.343","2.254","-0.036","NaN","-0.787","0"
"1954/08/01","00:00","7.513","NaN","4.482","2.274","2.192","-0.098","NaN","-1.388","0"
"1954/09/01","00:00","6.014","NaN","4.544","2.362","2.303","0.052","NaN","-1.788","0"
"1954/10/01","00:00","6.414","NaN","4.521","2.362","2.303","0.072","NaN","-1.286","0"
"1954/11/01","00:00","5.814","NaN","4.311","2.142","2.083","-0.157","NaN","-2.687","0"
"1954/12/01","00:00","5.712","NaN","4.022","1.864","1.801","-0.417","NaN","-2.287","0"
"1955/01/01","00:00","6.214","NaN","4.081","1.932","1.873","-0.348","NaN","-2.287","0"
"1955/02/01","00:00","5.312","NaN","4.022","1.873","1.791","-0.446","NaN","-2.287","0"
"1955/03/01","00:00","6.312","NaN","4.062","1.883","1.824","-0.417","NaN","-3.386","0"
"1955/04/01","00:00","7.011","NaN","4.662","2.513","2.431","0.203","NaN","-1.086","0"
"1955/05/01","00:00","5.712","NaN","4.413","2.254","2.162","-0.089","NaN","-1.286","0"
"1955/06/01","00:00","6.614","NaN","4.642","2.464","2.392","0.154","NaN","-0.988","0"
"1955/07/01","00:00","5.814","NaN","4.511","2.382","2.274","0.043","NaN","-0.886","0"
"1955/08/01","00:00","6.112","NaN","4.754","2.621","2.533","0.302","NaN","-0.689","0"
"1955/09/01","00:00","5.512","NaN","4.573","2.411","2.313","0.062","NaN","-0.689","0"
"1955/10/01","00:00","7.913","NaN","4.902","2.694","2.602","0.302","NaN","-0.886","0"
"1955/11/01","00:00","6.811","NaN","4.511","2.274","2.192","-0.118","NaN","-3.287","0"
"1955/12/01","00:00","5.512","NaN","4.012","1.742","1.683","-0.646","NaN","-2.789","0"
"1956/01/01","00:00","6.811","NaN","4.462","2.264","2.192","-0.069","NaN","-2.487","0"
"1956/02/01","00:00","5.814","NaN","4.052","1.893","1.811","-0.417","NaN","-2.989","0"
"1956/03/01","00:00","6.112","NaN","4.452","2.231","2.172","-0.098","NaN","-2.188","0"
"1956/04/01","00:00","6.112","NaN","4.554","2.382","2.313","0.062","NaN","-1.788","0"
"1956/05/01","00:00","5.712","NaN","4.311","2.152","2.064","-0.187","NaN","-1.788","0"
"1956/06/01","00:00","6.214","NaN","4.554","2.343","2.274","0.003","NaN","-0.886","0"
"1956/07/01","00:00","6.214","NaN","4.603","2.411","2.333","0.052","NaN","-0.988","0"
"1956/08/01","00:00","6.414","NaN","4.843","2.592","2.533","0.213","NaN","-0.787","0"
"1956/09/01","00:00","6.112","NaN","4.833","2.602","2.513","0.194","NaN","-0.988","0"
"1956/10/01","00:00","6.014","NaN","4.843","2.592","2.513","0.184","NaN","-0.886","0"
"1956/11/01","00:00","6.312","NaN","4.544","2.303","2.221","-0.098","NaN","-1.686","0"
"1956/12/01","00:00","5.912","NaN","4.324","2.113","2.054","-0.217","NaN","-2.589","0"
"1957/01/01","00:00","6.214","NaN","3.802","1.654","1.591","-0.627","NaN","-2.287","0"
"1957/02/01","00:00","6.214","NaN","4.193","2.021","1.952","-0.289","NaN","-2.287","0"
"1957/03/01","00:00","6.112","NaN","4.472","2.303","2.211","-0.056","NaN","-1.286","0"
"1957/04/01","00:00","5.814","NaN","4.144","1.942","1.864","-0.417","NaN","-1.988","0"
"1957/05/01","00:00","5.712","NaN","4.462","2.231","2.152","-0.167","NaN","-1.086","0"
"1957/06/01","00:00","5.912","NaN","4.534","2.283","2.211","-0.108","NaN","-0.787","0"
"1957/07/01","00:00","5.512","NaN","4.544","2.264","2.172","-0.187","NaN","-0.988","0"
"1957/08/01","00:00","6.112","NaN","4.583","2.313","2.231","-0.108","NaN","-1.188","0"
"1957/09/01","00:00","6.014","NaN","4.554","2.293","2.231","-0.098","NaN","-1.188","0"
"1957/10/01","00:00","6.811","NaN","4.672","2.474","2.372","0.072","NaN","-1.486","0"
"1957/11/01","00:00","6.214","NaN","4.383","2.152","2.073","-0.236","NaN","-1.686","0"
"1957/12/01","00:00","6.014","NaN","4.154","1.982","1.923","-0.308","NaN","-1.886","0"
"1958/01/01","00:00","NaN","NaN","4.452","2.274","2.201","-0.046","NaN","NaN","0"
"1958/02/01","00:00","NaN","NaN","4.213","2.011","1.932","-0.348","NaN","NaN","0"
"1958/03/01","00:00","NaN","NaN","4.944","2.733","2.654","0.364","NaN","NaN","0"
"1958/04/01","00:00","NaN","NaN","4.931","2.641","2.562","0.194","NaN","NaN","0"
"1958/05/01","00:00","6.112","NaN","4.662","2.313","2.244","-0.177","NaN","-1.486","0"
"1958/06/01","00:00","5.712","NaN","4.701","2.402","2.313","-0.079","NaN","-0.988","0"
"1958/07/01","00:00","5.814","NaN","4.783","2.493","2.402","0.023","NaN","-0.886","0"
"1958/08/01","00:00","5.912","NaN","4.754","2.503","2.464","0.164","NaN","-0.988","0"
"1958/09/01","00:00","6.014","NaN","4.833","2.582","2.474","0.112","NaN","-1.286","0"
"1958/10/01","00:00","6.414","NaN","4.872","2.703","2.602","0.331","NaN","-2.188","0"
"1958/11/01","00:00","6.512","NaN","4.482","2.133","2.073","-0.338","NaN","-3.087","0"
"1958/12/01","00:00","6.214","NaN","4.101","1.864","1.791","-0.518","NaN","-2.589","0"
"1959/01/01","00:00","6.112","NaN","4.022","1.752","1.673","-0.689","NaN","-4.186","0"
"1959/02/01","00:00","5.413","NaN","3.871","1.663","1.552","-0.778","NaN","-2.989","0"
"1959/03/01","00:00","7.113","NaN","4.272","1.972","1.913","-0.446","NaN","-2.589","0"
"1959/04/01","00:00","6.312","NaN","4.642","2.372","2.274","-0.108","NaN","-1.286","0"
"1959/05/01","00:00","5.912","NaN","4.232","1.972","1.883","-0.466","NaN","-1.886","0"
"1959/06/01","00:00","6.112","NaN","4.603","2.323","2.254","-0.098","NaN","-1.286","0"
"1959/07/01","00:00","5.712","NaN","4.423","2.231","2.133","-0.157","NaN","-0.988","0"
"1959/08/01","00:00","5.912","NaN","4.623","2.372","2.293","-0.026","NaN","-1.086","0"
"1959/09/01","00:00","5.614","NaN","4.682","2.402","2.323","-0.036","NaN","-0.886","0"
"1959/10/01","00:00","6.112","NaN","4.813","2.533","2.454","0.082","NaN","-0.988","0"
"1959/11/01","00:00","6.014","NaN","4.501","2.182","2.152","-0.207","NaN","-2.188","0"
"1959/12/01","00:00","7.513","NaN","4.623","2.303","2.211","-0.187","NaN","-1.988","0"
"1960/01/01","00:00","6.512","NaN","4.593","2.333","2.231","-0.118","NaN","-2.287","0"
"1960/02/01","00:00","8.314","NaN","4.252","2.054","1.952","-0.348","NaN","-3.189","0"
"1960/03/01","00:00","5.712","NaN","4.383","2.172","2.073","-0.236","NaN","-1.988","0"
"1960/04/01","00:00","5.712","NaN","4.534","2.293","2.201","-0.128","NaN","-1.686","0"
"1960/05/01","00:00","6.214","NaN","4.672","2.444","2.402","0.131","NaN","-0.988","0"
"1960/06/01","00:00","6.811","NaN","4.882","2.602","2.533","0.174","NaN","-0.886","0"
"1960/07/01","00:00","6.014","NaN","4.754","2.464","2.392","0.033","NaN","-1.188","0"
"1960/08/01","00:00","6.214","NaN","4.892","2.612","2.543","0.194","NaN","-0.886","0"
"1960/09/01","00:00","10.013","NaN","5.082","2.743","2.654","0.233","NaN","-0.689","0"
"1960/10/01","00:00","6.214","NaN","4.823","2.552","2.431","0.043","NaN","-1.886","0"
"1960/11/01","00:00","6.512","NaN","4.521","2.231","2.162","-0.197","NaN","-1.588","0"
"1960/12/01","00:00","6.512","NaN","4.163","1.883","1.854","-0.466","NaN","-1.686","0"
"1961/01/01","00:00","7.011","NaN","4.101","1.883","1.844","-0.417","NaN","-1.988","0"
"1961/02/01","00:00","7.011","NaN","4.511","2.293","2.221","-0.079","NaN","-1.588","0"
"1961/03/01","00:00","7.513","NaN","4.692","2.444","2.362","0.043","NaN","-2.087","0"
"1961/04/01","00:00","8.314","NaN","4.744","2.513","2.402","0.072","NaN","-1.388","0"
"1961/05/01","00:00","5.814","NaN","4.672","2.392","2.293","-0.089","NaN","-1.588","0"
"1961/06/01","00:00","5.712","NaN","4.613","2.303","2.221","-0.167","NaN","-1.588","0"
"1961/07/01","00:00","6.014","NaN","4.803","2.474","2.382","-0.036","NaN","-1.286","0"
"1961/08/01","00:00","5.413","NaN","4.442","2.152","2.044","-0.348","NaN","-1.486","0"
"1961/09/01","00:00","6.312","NaN","4.701","2.464","2.382","0.062","NaN","-0.988","0"
"1961/10/01","00:00","7.211","NaN","4.544","2.352","2.264","-0.007","NaN","-0.988","0"
"1961/11/01","00:00","6.811","NaN","4.291","2.034","2.001","-0.279","NaN","-1.686","0"
"1961/12/01","00:00","6.312","NaN","4.232","2.034","1.972","-0.289","NaN","-2.487","0"
"1962/01/01","00:00","5.712","NaN","3.832","1.673","1.572","-0.689","NaN","-2.388","0"
"1962/02/01","00:00","5.814","NaN","4.583","2.293","2.313","0.052","NaN","-1.788","0"
"1962/03/01","00:00","8.914","NaN","4.993","2.831","2.743","0.492","NaN","-1.388","0"
"1962/04/01","00:00","5.814","NaN","4.534","2.231","2.123","-0.289","NaN","-1.886","0"
"1962/05/01","00:00","6.414","NaN","4.823","2.503","2.411","-0.007","NaN","-1.086","0"
"1962/06/01","00:00","5.814","NaN","4.852","2.572","2.493","0.131","NaN","-0.886","0"
"1962/07/01","00:00","6.014","NaN","4.843","2.592","2.493","0.154","NaN","-0.587","0"
"1962/08/01","00:00","5.814","NaN","4.803","2.533","2.493","0.194","NaN","-0.988","0"
"1962/09/01","00:00","6.014","NaN","4.744","2.493","2.431","0.112","NaN","-1.286","0"
"1962/10/01","00:00","6.014","NaN","4.711","2.474","2.411","0.121","NaN","-1.588","0"
"1962/11/01","00:00","7.713","NaN","4.682","2.493","2.411","0.131","NaN","-1.686","0"
"1962/12/01","00:00","6.913","NaN","4.354","2.073","2.054","-0.256","NaN","-4.088","0"
"1963/01/01","00:00","6.811","NaN","4.511","2.274","2.211","-0.089","NaN","-3.189","0"
"1963/02/01","00:00","5.213","NaN","3.753","1.532","1.463","-0.827","NaN","-2.188","0"
"1963/03/01","00:00","5.912","NaN","4.311","2.103","1.991","-0.328","NaN","-1.686","0"
"1963/04/01","00:00","6.512","NaN","4.413","2.172","2.093","-0.236","NaN","-2.188","0"
"1963/05/01","00:00","5.814","NaN","4.311","2.093","2.001","-0.308","NaN","-1.588","0"
"1963/06/01","00:00","6.112","NaN","4.573","2.343","2.254","-0.056","NaN","-1.486","0"
"1963/07/01","00:00","6.014","NaN","4.554","2.411","2.293","0.033","NaN","-0.689","0"
"1963/08/01","00:00","5.312","NaN","4.554","2.352","2.283","0.003","NaN","-0.886","0"
"1963/09/01","00:00","6.312","NaN","4.521","2.343","2.264","-0.007","NaN","-1.086","0"
"1963/10/01","00:00","5.814","NaN","4.521","2.254","2.162","-0.197","NaN","-1.588","0"
"1963/11/01","00:00","6.614","NaN","4.593","2.372","2.274","-0.046","NaN","-2.687","0"
"1963/12/01","00:00","5.814","NaN","4.022","1.791","1.673","-0.676","NaN","-2.887","0"
"1964/01/01","00:00","6.214","NaN","4.144","1.932","1.883","-0.377","NaN","-2.188","0"
"1964/02/01","00:00","5.814","NaN","4.012","1.883","1.791","-0.417","NaN","-1.988","0"
"1964/03/01","00:00","5.712","NaN","4.291","2.192","2.054","-0.177","NaN","-1.988","0"
"1964/04/01","00:00","5.814","NaN","4.203","2.083","1.952","-0.299","NaN","-1.686","0"
"1964/05/01","00:00","6.112","NaN","4.403","2.303","2.172","-0.056","NaN","-1.188","0"
"1964/06/01","00:00","6.112","NaN","4.383","2.231","2.113","-0.167","NaN","-1.188","0"
"1964/07/01","00:00","6.014","NaN","4.642","2.484","2.372","0.112","NaN","-0.689","0"
"1964/08/01","00:00","5.912","NaN","4.711","2.493","2.411","0.121","NaN","-0.787","0"
"1964/09/01","00:00","5.814","NaN","4.823","2.641","2.543","0.262","NaN","-0.787","0"
"1964/10/01","00:00","5.814","NaN","4.731","2.562","2.431","0.141","NaN","-0.787","0"
"1964/11/01","00:00","6.512","NaN","4.721","2.572","2.464","0.203","NaN","-1.686","0"
"1964/12/01","00:00","6.112","NaN","4.193","2.073","1.972","-0.246","NaN","-2.388","0"
"1965/01/01","00:00","6.811","NaN","4.324","2.201","2.142","-0.046","NaN","-1.886","0"
"1965/02/01","00:00","5.814","NaN","4.154","2.021","1.942","-0.269","NaN","-1.886","0"
"1965/03/01","00:00","6.312","NaN","4.262","2.093","2.034","-0.197","NaN","-1.486","0"
"1965/04/01","00:00","5.912","NaN","4.521","2.352","2.264","0.013","NaN","-1.086","0"
"1965/05/01","00:00","5.712","NaN","4.544","2.303","2.244","-0.056","NaN","-0.886","0"
"1965/06/01","00:00","6.112","NaN","4.642","2.464","2.343","0.043","NaN","-1.086","0"
"1965/07/01","00:00","6.112","NaN","4.731","2.493","2.382","0.043","NaN","-0.886","0"
"1965/08/01","00:00","5.712","NaN","4.511","2.313","2.221","-0.079","NaN","-1.486","0"
"1965/09/01","00:00","6.014","NaN","4.642","2.484","2.402","0.164","NaN","-1.086","0"
"1965/10/01","00:00","6.214","NaN","4.521","2.372","2.323","0.121","NaN","-0.886","0"
"1965/11/01","00:00","6.014","NaN","4.413","2.303","2.211","0.013","NaN","-1.388","0"
"1965/12/01","00:00","6.214","NaN","4.432","2.293","2.221","0.023","NaN","-1.486","0"
"1966/01/01","00:00","8.114","4.413","3.934","1.824","1.732","-0.466","-0.837","-3.786","0"
"1966/02/01","00:00","5.712","4.442","4.091","1.932","1.844","-0.397","-0.617","-2.087","0"
"1966/03/01","00:00","6.112","4.544","4.301","2.113","2.021","-0.256","-0.456","-1.788","0"
"1966/04/01","00:00","5.902","4.744","4.482","2.293","2.172","-0.148","-0.299","-1.188","0"
"1966/05/01","00:00","5.512","4.774","4.462","2.221","2.113","-0.236","-0.397","-1.588","0"
"1966/06/01","00:00","5.712","4.902","4.544","2.343","2.264","-0.016","-0.236","-0.988","0"
"1966/07/01","00:00","5.614","4.984","4.603","2.444","2.323","0.043","-0.177","-0.988","0"
"1966/08/01","00:00","6.214","4.993","4.672","2.484","2.392","0.112","-0.056","-1.086","0"
"1966/09/01","00:00","6.811","5.184","4.882","2.733","2.631","0.384","0.174","-0.787","0"
"1966/10/01","00:00","5.912","4.803","4.452","2.254","2.162","-0.118","-0.289","-1.388","0"
"1966/11/01","00:00","6.312","5.023","4.711","2.543","2.474","0.233","0.003","-1.086","0"
"1966/12/01","00:00","7.011","4.823","4.383","2.211","2.142","-0.098","-0.348","-2.789","0"
"1967/01/01","00:00","6.913","4.843","4.482","2.293","2.231","-0.016","-0.256","-1.788","0"
"1967/02/01","00:00","6.312","4.652","4.232","2.123","2.011","-0.207","-0.456","-3.189","0"
"1967/03/01","00:00","6.414","4.974","4.593","2.421","2.362","0.141","-0.056","-1.788","0"
"1967/04/01","00:00","7.011","5.112","4.774","2.621","2.552","0.331","0.141","-1.686","0"
"1967/05/01","00:00","6.913","5.072","4.721","2.621","2.552","0.384","0.112","-1.086","0"
"1967/06/01","00:00","6.614","5.062","4.682","2.602","2.503","0.322","0.082","-0.289","0"
"1967/07/01","00:00","5.614","5.082","4.701","2.641","2.543","0.384","0.194","-0.489","0"
"1967/08/01","00:00","5.614","5.043","4.652","2.572","2.484","0.302","0.121","-0.587","0"
"1967/09/01","00:00","5.814","4.954","4.652","2.543","2.444","0.233","0.062","-1.388","0"
"1967/10/01","00:00","6.214","4.783","4.452","2.283","2.182","-0.098","-0.269","-1.388","0"
"1967/11/01","00:00","6.614","4.633","4.272","2.103","2.021","-0.226","-0.436","-1.998","0"
"1967/12/01","00:00","6.614","4.974","4.564","2.392","2.323","0.092","-0.167","-1.188","0"
"1968/01/01","00:00","6.614","4.583","4.101","1.962","1.913","-0.279","-0.568","-2.687","0"
"1968/02/01","00:00","5.814","4.354","4.042","1.962","1.883","-0.289","-0.479","-2.087","0"
"1968/03/01","00:00","5.614","4.511","4.203","2.133","2.021","-0.157","-0.358","-2.188","0"
"1968/04/01","00:00","6.112","4.652","4.354","2.283","2.182","0.023","-0.148","-1.188","0"
"1968/05/01","00:00","6.214","4.964","4.583","2.513","2.431","0.282","0.082","-1.286","0"
"1968/06/01","00:00","6.913","5.164","4.774","2.641","2.552","0.331","0.121","-0.689","0"
"1968/07/01","00:00","5.912","5.003","4.633","2.444","2.362","0.092","-0.118","-0.988","0"
"1968/08/01","00:00","5.912","5.003","4.623","2.454","2.362","0.112","-0.026","-0.587","0"
"1968/09/01","00:00","5.912","4.964","4.662","2.543","2.444","0.233","0.121","-0.689","0"
"1968/10/01","00:00","6.463","4.721","4.413","2.293","2.182","-0.046","-0.269","-1.217","0"
"1968/11/01","00:00","8.333","5.102","4.633","2.454","2.372","0.112","-0.187","-2.516","0"
"1968/12/01","00:00","6.772","4.272","3.812","1.693","1.614","-0.587","-0.817","-2.477","0"
"1969/01/01","00:00","5.604","4.364","3.881","1.854","1.772","-0.338","-0.587","-3.419","0"
"1969/02/01","00:00","5.682","4.754","4.344","2.283","2.201","0.052","-0.187","-3.189","0"
"1969/03/01","00:00","5.663","4.554","4.242","2.231","2.152","0.062","-0.138","-1.437","0"
"1969/04/01","00:00","5.413","4.692","4.354","2.254","2.152","-0.036","-0.217","-2.008","0"
"1969/05/01","00:00","5.994","4.892","4.482","2.313","2.211","-0.046","-0.246","-1.257","0"
"1969/06/01","00:00","6.073","5.184","4.764","2.582","2.493","0.213","-0.026","-1.129","0"
"1969/07/01","00:00","6.243","5.243","4.872","2.654","2.572","0.282","0.082","-1.348","0"
"1969/08/01","00:00","6.152","5.072","4.701","2.562","2.464","0.213","0.033","-1.168","0"
"1969/09/01","00:00","5.814","5.121","4.783","2.641","2.572","0.351","0.213","-0.876","0"
"1969/10/01","00:00","5.843","5.072","4.701","2.592","2.513","0.312","0.184","-1.467","0"
"1969/11/01","00:00","6.952","5.154","4.754","2.684","2.612","0.463","0.253","-1.207","0"
"1969/12/01","00:00","7.474","4.993","4.564","2.484","2.421","0.272","-0.046","-1.266","0"
"1970/01/01","00:00","6.253","4.534","4.124","2.073","1.982","-0.157","-0.377","-1.857","0"
"1970/02/01","00:00","6.624","4.593","4.232","2.113","2.021","-0.187","-0.407","-2.136","0"
"1970/03/01","00:00","6.312","4.564","4.242","2.142","2.073","-0.108","-0.318","-1.818","0"
"1970/04/01","00:00","6.322","4.872","4.573","2.431","2.333","0.092","-0.138","-2.569","0"
"1970/05/01","00:00","5.682","4.813","4.452","2.293","2.192","-0.069","-0.246","-1.158","0"
"1970/06/01","00:00","6.234","5.013","4.613","2.474","2.382","0.154","-0.036","-0.797","0"
"1970/07/01","00:00","5.981","4.921","4.544","2.431","2.352","0.164","-0.056","-1.178","0"
"1970/08/01","00:00","5.863","5.033","4.711","2.602","2.523","0.322","0.131","-1.227","0"
"1970/09/01","00:00","5.961","4.892","4.633","2.513","2.411","0.194","0.033","-1.188","0"
"1970/10/01","00:00","6.102","5.043","4.744","2.621","2.552","0.351","0.164","-0.919","0"
"1970/11/01","00:00","7.162","5.233","4.872","2.772","2.684","0.492","0.194","-0.558","0"
"1970/12/01","00:00","6.713","5.062","4.623","2.421","2.333","0.052","-0.318","-1.896","0"
"1971/01/01","00:00","6.614","4.603","4.173","2.011","1.913","-0.348","-0.627","-3.438","0"
"1971/02/01","00:00","6.371","4.662","4.222","2.123","2.044","-0.138","-0.377","-1.617","0"
"1971/03/01","00:00","6.942","4.603","4.242","2.123","2.021","-0.187","-0.518","-2.867","0"
"1971/04/01","00:00","6.014","4.862","4.442","2.362","2.274","0.092","-0.138","-1.378","0"
"1971/05/01","00:00","5.951","4.931","4.583","2.543","2.431","0.272","0.072","-0.787","0"
"1971/06/01","00:00","5.771","5.102","4.701","2.592","2.493","0.272","0.033","-0.348","0"
"1971/07/01","00:00","5.423","4.921","4.534","2.431","2.343","0.154","-0.036","-0.728","0"
"1971/08/01","00:00","5.732","4.911","4.521","2.421","2.333","0.131","-0.069","-0.919","0"
"1971/09/01","00:00","5.994","5.154","4.823","2.674","2.592","0.364","0.223","-1.296","0"
"1971/10/01","00:00","6.762","5.453","5.102","2.904","2.822","0.531","0.302","-0.627","0"
"1971/11/01","00:00","6.614","5.194","4.823","2.631","2.562","0.292","0.013","-1.198","0"
"1971/12/01","00:00","5.531","4.731","4.334","2.123","2.034","-0.256","-0.528","-2.087","0"
"1972/01/01","00:00","6.161","4.623","4.144","1.982","1.913","-0.328","-0.558","-2.587","0"
"1972/02/01","00:00","7.703","4.662","4.203","2.064","2.001","-0.207","-0.558","-2.546","0"
"1972/03/01","00:00","6.844","4.833","4.462","2.333","2.254","0.033","-0.138","-1.266","0"
"1972/04/01","00:00","6.713","4.892","4.564","2.464","2.352","0.141","-0.036","-1.086","0"
"1972/05/01","00:00","6.444","5.141","4.774","2.684","2.602","0.423","0.184","-1.148","0"
"1972/06/01","00:00","6.413","5.164","4.803","2.703","2.592","0.384","0.164","-1.168","0"
"1972/07/01","00:00","5.813","5.082","4.731","2.572","2.454","0.174","-0.026","-1.168","0"
"1972/08/01","00:00","5.713","5.072","4.744","2.582","2.464","0.184","0.023","-1.087","0"
"1972/09/01","00:00","6.224","5.243","4.902","2.762","2.654","0.394","0.194","-0.687","0"
"1972/10/01","00:00","6.613","5.013","4.711","2.533","2.464","0.213","-0.007","-0.928","0"
"1972/11/01","00:00","6.813","5.433","5.052","2.894","2.812","0.574","0.341","-0.997","0"
"1972/12/01","00:00","7.713","5.131","4.633","2.533","2.444","0.243","-0.148","-3.287","0"
"1973/01/01","00:00","6.194","4.823","4.364","2.274","2.162","-0.036","-0.256","-1.857","0"
"1973/02/01","00:00","6.424","4.872","4.554","2.454","2.372","0.194","-0.016","-1.217","0"
"1973/03/01","00:00","6.322","5.072","4.813","2.694","2.621","0.423","0.213","-1.808","0"
"1973/04/01","00:00","7.054","5.062","4.764","2.602","2.513","0.262","0.023","-1.686","0"
"1973/05/01","00:00","6.122","5.223","4.862","2.641","2.543","0.213","0.003","-1.158","0"
"1973/06/01","00:00","6.103","5.174","4.783","2.552","2.454","0.121","-0.098","-1.077","1"
"1973/07/01","00:00","6.193","5.223","4.872","2.612","2.513","0.164","-0.046","-0.877","1"
"1973/08/01","00:00","5.653","5.154","4.823","2.592","2.503","0.174","0.023","-1.076","0"
"1973/09/01","00:00","6.381","5.082","4.764","2.582","2.484","0.194","0.052","-0.646","0"
"1973/10/01","00:00","7.011","4.993","4.721","2.523","2.464","0.203","0.013","-1.086","0"
"1973/11/01","00:00","5.604","4.623","4.272","2.064","1.991","-0.299","-0.538","-1.319","0"
"1973/12/01","00:00","7.073","4.813","4.423","2.244","2.192","-0.046","-0.367","-1.657","0"
"1974/01/01","00:00","6.654","4.862","4.491","2.313","2.244","-0.016","-0.246","-1.788","0"
"1974/02/01","00:00","6.352","4.711","4.383","2.172","2.073","-0.246","-0.489","-3.018","0"
"1974/03/01","00:00","6.703","4.583","4.364","2.152","2.073","-0.226","-0.656","-1.926","1"
"1974/04/01","00:00","6.204","4.731","4.603","2.221","2.211","-0.167","-0.367","-1.437","0"
"1974/05/01","00:00","6.243","5.043","4.731","2.484","2.392","0.062","-0.128","-0.837","0"
"1974/06/01","00:00","6.293","5.282","4.911","2.684","2.602","0.282","0.062","-0.748","0"
"1974/07/01","00:00","5.932","5.092","4.764","2.572","2.484","0.203","0.033","-1.217","0"
"1974/08/01","00:00","6.112","4.931","4.672","2.464","2.382","0.092","-0.056","-0.948","1"
"1974/09/01","00:00","6.214","5.121","4.833","2.612","2.533","0.233","0.082","-1.096","1"
"1974/10/01","00:00","6.142","4.731","4.442","2.211","2.133","-0.187","-0.367","-1.247","0"
"1974/11/01","00:00","6.204","4.843","4.521","2.313","2.231","-0.069","-0.289","-1.867","1"
"1974/12/01","00:00","7.613","5.072","4.623","2.372","2.293","-0.026","-0.367","-1.768","2"
"1975/01/01","00:00","6.283","4.793","4.383","2.044","1.972","-0.436","-0.689","-2.877","0"
"1975/02/01","00:00","6.683","4.701","4.354","2.133","2.064","-0.236","-0.456","-2.627","7"
"1975/03/01","00:00","6.342","4.774","4.452","2.172","2.103","-0.246","-0.436","-2.457","0"
"1975/04/01","00:00","6.161","4.692","4.462","2.192","2.093","-0.289","-0.479","-1.937","1"
"1975/05/01","00:00","NaN","5.023","4.721","2.493","2.411","0.102","-0.069","NaN","11"
"1975/06/01","00:00","5.863","5.141","4.783","2.533","2.454","0.131","-0.089","-1.066","1"
"1975/07/01","00:00","5.873","4.984","4.662","2.503","2.392","0.112","-0.069","-0.647","0"
"1975/08/01","00:00","5.971","5.072","4.754","2.552","2.454","0.141","0.023","-1.188","3"
"1975/09/01","00:00","5.873","5.082","4.803","2.552","2.454","0.102","-0.016","-1.276","0"
"1975/10/01","00:00","6.562","5.374","5.102","2.802","2.713","0.312","0.092","-1.598","0"
"1975/11/01","00:00","6.243","5.174","4.813","2.533","2.431","0.043","-0.187","-1.506","0"
"1975/12/01","00:00","6.342","5.174","4.744","2.444","2.362","-0.016","-0.236","-1.818","0"
"1976/01/01","00:00","6.112","4.711","4.272","2.064","1.972","-0.318","-0.538","-2.687","0"
"1976/02/01","00:00","6.413","4.544","4.114","1.903","1.801","-0.509","-0.837","-4.287","0"
"1976/03/01","00:00","7.012","4.803","4.511","2.244","2.152","-0.207","-0.479","-3.387","0"
"1976/04/01","00:00","5.913","4.744","4.472","2.254","2.152","-0.157","-0.328","-1.887","0"
"1976/05/01","00:00","6.012","4.813","4.462","2.231","2.133","-0.197","-0.377","-1.587","0"
"1976/06/01","00:00","6.413","4.993","4.672","2.411","2.313","-0.046","-0.226","-1.187","0"
"1976/07/01","00:00","6.113","5.154","4.872","2.582","2.493","0.102","-0.046","-0.687","0"
"1976/08/01","00:00","6.512","5.184","4.862","2.543","2.444","0.023","-0.108","-1.287","0"
"1976/09/01","00:00","6.313","5.082","4.823","2.503","2.402","-0.016","-0.138","-1.287","0"
"1976/10/01","00:00","6.213","5.023","4.754","2.474","2.392","0.043","-0.148","-2.187","0"
"1976/11/01","00:00","5.613","4.442","4.154","1.873","1.791","-0.568","-0.758","-2.488","1"
"1976/12/01","00:00","NaN","4.154","3.793","1.591","1.512","-0.768","-1.096","NaN","11"
"1977/01/01","00:00","NaN","4.193","3.762","1.572","1.493","-0.787","-1.148","NaN","11"
"1977/02/01","00:00","NaN","4.232","3.883","1.654","1.572","-0.748","-1.086","NaN","11"
"1977/03/01","00:00","5.633","4.501","4.203","1.952","1.873","-0.456","-0.699","-2.877","1"
"1977/04/01","00:00","6.213","4.544","4.262","1.972","1.893","-0.479","-0.656","-2.178","2"
"1977/05/01","00:00","6.213","4.974","4.623","2.274","2.192","-0.246","-0.446","-1.687","1"
"1977/06/01","00:00","6.313","5.174","4.833","2.493","2.382","-0.069","-0.256","-1.287","0"
"1977/07/01","00:00","6.132","5.121","4.823","2.444","2.362","-0.098","-0.279","-1.187","1"
"1977/08/01","00:00","5.433","5.102","4.862","2.523","2.431","0.003","-0.128","-1.187","0"
"1977/09/01","00:00","7.421","5.404","5.154","2.864","2.772","0.404","0.292","-1.287","0"
"1977/10/01","00:00","7.723","5.302","4.993","2.743","2.641","0.292","0.072","-2.287","0"
"1977/11/01","00:00","7.713","5.243","4.944","2.703","2.621","0.302","0.062","-1.587","1"
"1977/12/01","00:00","6.713","5.072","4.733","2.543","2.454","0.174","-0.118","-3.287","0"
"1978/01/01","00:00","7.431","4.872","4.423","2.162","2.103","-0.217","-0.636","-4.196","0"
"1978/02/01","00:00","NaN","5.322","4.964","2.733","2.654","0.351","0.003","NaN","11"
"1978/03/01","00:00","6.562","4.892","4.623","2.352","2.274","-0.069","-0.377","-2.717","0"
"1978/04/01","00:00","6.813","5.062","4.872","2.582","2.484","0.102","-0.079","-1.217","0"
"1978/05/01","00:00","6.322","5.223","4.944","2.684","2.572","0.194","0.003","-1.378","0"
"1978/06/01","00:00","6.234","5.062","4.793","2.513","2.402","0.013","-0.187","-1.056","0"
"1978/07/01","00:00","6.073","5.164","4.882","2.641","2.533","0.194","0.013","-1.207","0"
"1978/08/01","00:00","6.181","5.154","4.931","2.703","2.592","0.262","0.141","-0.837","0"
"1978/09/01","00:00","6.102","5.233","5.072","2.831","2.733","0.404","0.262","-0.607","0"
"1978/10/01","00:00","6.371","5.062","4.862","2.592","2.503","0.141","0.003","-1.129","0"
"1978/11/01","00:00","6.033","5.233","4.944","2.664","2.582","0.223","0.043","-1.129","1"
"1978/12/01","00:00","7.362","4.892","4.442","2.064","1.991","-0.456","-0.728","-2.579","0"
"1979/01/01","00:00","7.373","5.112","4.692","2.362","2.264","-0.167","-0.528","-2.017","0"
"1979/02/01","00:00","7.353","4.633","4.324","2.113","2.001","-0.318","-0.587","-2.147","0"
"1979/03/01","00:00","5.943","4.754","4.521","2.244","2.133","-0.256","-0.397","-2.238","0"
"1979/04/01","00:00","6.282","4.964","4.692","2.484","2.362","0.043","-0.187","-1.747","0"
"1979/05/01","00:00","6.222","4.921","4.701","2.493","2.382","0.072","-0.148","-0.747","0"
"1979/06/01","00:00","5.972","5.062","4.754","2.484","2.402","0.043","-0.167","-1.247","0"
"1979/07/01","00:00","5.953","5.033","4.764","2.503","2.421","0.082","-0.089","-1.067","0"
"1979/08/01","00:00","6.472","5.184","4.882","2.621","2.523","0.174","0.033","-1.057","0"
"1979/09/01","00:00","7.353","5.184","4.862","2.572","2.484","0.092","-0.036","-0.988","0"
"1979/10/01","00:00","6.983","5.003","4.754","2.431","2.313","-0.118","-0.358","-2.238","0"
"1979/11/01","00:00","5.753","4.882","4.603","2.264","2.162","-0.269","-0.479","-1.687","0"
"1979/12/01","00:00","6.043","4.652","4.291","1.991","1.903","-0.499","-0.738","-2.198","0"
"1980/01/01","00:00","6.943","4.711","4.334","2.083","1.991","-0.338","-0.597","-2.397","0"
"1980/02/01","00:00","6.323","4.652","4.311","2.093","2.021","-0.269","-0.456","-2.117","0"
"1980/03/01","00:00","6.483","4.701","4.403","2.142","2.054","-0.289","-0.558","-3.517","0"
"1980/04/01","00:00","6.633","4.954","4.731","2.552","2.444","0.154","-0.016","-1.877","0"
"1980/05/01","00:00","5.802","5.082","4.803","2.552","2.454","0.102","-0.046","-1.278","0"
"1980/06/01","00:00","5.673","5.003","4.682","2.392","2.293","-0.089","-0.279","-1.227","0"
"1980/07/01","00:00","5.863","5.043","4.754","2.421","2.343","-0.056","-0.246","-0.767","0"
"1980/08/01","00:00","5.703","5.141","4.862","2.543","2.464","0.062","-0.079","-1.117","0"
"1980/09/01","00:00","6.373","5.003","4.754","2.474","2.382","0.003","-0.138","-1.977","0"
"1980/10/01","00:00","7.943","5.013","4.682","2.362","2.303","-0.069","-0.269","-2.907","0"
"1980/11/01","00:00","6.893","4.701","4.364","2.133","2.044","-0.279","-0.489","-2.287","0"
"1980/12/01","00:00","5.163","4.281","3.963","1.772","1.683","-0.587","-0.797","-2.367","0"
"1981/01/01","00:00","5.153","4.232","3.862","1.693","1.624","-0.607","-0.846","-2.077","0"
"1981/02/01","00:00","5.793","4.511","4.183","1.942","1.873","-0.427","-0.728","-2.198","0"
"1981/03/01","00:00","6.393","4.692","4.413","2.231","2.133","-0.157","-0.328","-1.767","0"
"1981/04/01","00:00","5.543","4.482","4.262","1.991","1.903","-0.456","-0.607","-2.377","0"
"1981/05/01","00:00","6.883","5.102","4.813","2.523","2.431","0.043","-0.128","-1.028","0"
"1981/06/01","00:00","6.222","5.141","4.813","2.503","2.402","-0.007","-0.207","-1.028","0"
"1981/07/01","00:00","5.833","5.102","4.793","2.503","2.411","0.043","-0.177","-0.837","0"
"1981/08/01","00:00","5.823","5.141","4.852","2.582","2.493","0.131","-0.036","-0.807","0"
"1981/09/01","00:00","6.043","5.141","4.902","2.664","2.582","0.272","0.092","-0.988","1"
"1981/10/01","00:00","6.253","4.872","4.564","2.372","2.293","0.023","-0.157","-1.008","1"
"1981/11/01","00:00","6.913","5.003","4.682","2.474","2.402","0.121","-0.089","-1.327","0"
"1981/12/01","00:00","6.253","4.882","4.482","2.274","2.201","-0.069","-0.299","-2.107","0"
"1982/01/01","00:00","5.853","4.521","4.101","1.873","1.811","-0.466","-0.778","-2.917","0"
"1982/02/01","00:00","5.813","4.623","4.262","2.073","1.982","-0.299","-0.518","-2.357","0"
"1982/03/01","00:00","5.853","4.623","4.354","2.133","2.064","-0.236","-0.456","-2.567","0"
"1982/04/01","00:00","5.953","4.501","4.144","1.932","1.824","-0.489","-0.778","-3.067","0"
"1982/05/01","00:00","6.453","4.931","4.682","2.484","2.382","0.082","-0.138","-0.997","0"
"1982/06/01","00:00","6.423","5.374","5.052","2.851","2.753","0.453","0.233","-0.857","0"
"1982/07/01","00:00","6.143","4.974","4.633","2.474","2.372","0.112","-0.079","-0.767","0"
"1982/08/01","00:00","5.693","4.954","4.642","2.484","2.382","0.121","-0.069","-1.177","0"
"1982/09/01","00:00","6.012","5.003","4.764","2.592","2.493","0.223","0.082","-0.597","0"
"1982/10/01","00:00","6.683","5.253","4.984","2.792","2.694","0.404","0.223","-0.957","0"
"1982/11/01","00:00","6.282","4.744","4.432","2.201","2.113","-0.197","-0.427","-1.647","0"
"1982/12/01","00:00","6.032","4.993","4.613","2.333","2.254","-0.098","-0.338","-1.597","0"
"1983/01/01","00:00","6.843","4.892","4.521","2.254","2.182","-0.157","-0.338","-1.468","0"
"1983/02/01","00:00","6.213","5.082","4.754","2.592","2.513","0.282","0.043","-1.327","0"
"1983/03/01","00:00","7.073","5.302","4.974","2.762","2.674","0.374","0.164","-1.807","0"
"1983/04/01","00:00","6.953","5.292","5.013","2.884","2.772","0.531","0.312","-0.517","0"
"1983/05/01","00:00","6.003","5.013","4.711","2.592","2.484","0.262","0.043","-0.687","0"
"1983/06/01","00:00","5.953","5.121","4.774","2.621","2.543","0.312","0.062","-0.837","0"
"1983/07/01","00:00","6.113","5.102","4.793","2.621","2.523","0.253","0.043","-0.817","0"
"1983/08/01","00:00","6.203","5.282","4.954","2.753","2.664","0.374","0.203","-0.738","0"
"1983/09/01","00:00","6.113","5.233","4.931","2.723","2.631","0.322","0.203","-0.907","0"
"1983/10/01","00:00","6.802","5.322","5.043","2.831","2.723","0.413","0.253","-1.117","0"
"1983/11/01","00:00","6.552","5.282","4.921","2.703","2.602","0.282","-0.016","-1.707","0"
"1983/12/01","00:00","7.193","5.013","4.593","2.402","2.343","0.102","-0.177","-2.427","0"
"1984/01/01","00:00","5.942","4.754","4.364","2.283","2.192","0.023","-0.197","-2.257","0"
"1984/02/01","00:00","6.463","4.833","4.442","2.303","2.211","-0.016","-0.217","-1.056","0"
"1984/03/01","00:00","8.524","5.043","4.701","2.562","2.484","0.253","0.043","-1.168","0"
"1984/04/01","00:00","6.913","5.331","5.072","2.982","2.851","0.643","0.482","-0.397","0"
"1984/05/01","00:00","6.093","4.974","4.633","2.503","2.372","0.121","-0.046","-1.158","0"
"1984/06/01","00:00","5.892","5.194","4.803","2.684","2.562","0.312","0.102","-0.676","0"
"1984/07/01","00:00","6.214","5.112","4.764","2.582","2.474","0.194","-0.016","-0.607","0"
"1984/08/01","00:00","5.971","5.331","5.013","2.782","2.684","0.351","0.194","-0.856","0"
"1984/09/01","00:00","6.152","5.174","4.852","2.631","2.552","0.253","0.092","-1.427","0"
"1984/10/01","00:00","6.283","5.243","4.974","2.812","2.713","0.443","0.302","-1.066","0"
"1984/11/01","00:00","6.053","5.023","4.633","2.503","2.392","0.154","-0.036","-1.549","0"
"1984/12/01","00:00","6.463","4.692","4.344","2.201","2.133","-0.079","-0.338","-1.759","0"
"1985/01/01","00:00","6.024","4.432","4.032","1.982","1.893","-0.236","-0.436","-2.428","0"
"1985/02/01","00:00","6.824","4.472","4.163","2.044","1.932","-0.299","-0.568","-3.478","0"
"1985/03/01","00:00","5.512","4.482","4.173","2.103","2.011","-0.148","-0.338","-1.788","0"
"1985/04/01","00:00","6.181","4.682","4.432","2.274","2.172","-0.079","-0.246","-1.617","0"
"1985/05/01","00:00","6.293","5.052","4.731","2.533","2.444","0.141","-0.046","-1.608","0"
"1985/06/01","00:00","6.063","5.043","4.701","2.474","2.392","0.082","-0.138","-0.909","0"
"1985/07/01","00:00","5.922","5.102","4.731","2.533","2.444","0.154","-0.069","-0.627","0"
"1985/08/01","00:00","6.004","5.102","4.803","2.621","2.533","0.262","0.072","-0.538","0"
"1985/09/01","00:00","8.232","5.121","4.843","2.654","2.562","0.292","0.102","-1.007","0"
"1985/10/01","00:00","6.654","4.954","4.652","2.533","2.431","0.203","0.043","-0.719","0"
"1985/11/01","00:00","6.634","5.351","4.993","2.874","2.772","0.551","0.262","-1.388","0"
"1985/12/01","00:00","7.054","4.862","4.393","2.303","2.182","-0.016","-0.328","-1.388","0"
"1986/01/01","00:00","6.161","4.462","4.052","1.923","1.844","-0.377","-0.666","-2.448","0"
"1986/02/01","00:00","6.033","4.833","4.491","2.421","2.333","0.174","-0.007","-1.237","0"
"1986/03/01","00:00","5.482","4.583","4.272","2.123","2.034","-0.207","-0.436","-3.097","0"
"1986/04/01","00:00","6.483","5.213","4.902","2.782","2.684","0.463","0.243","-0.909","0"
"1986/05/01","00:00","6.404","5.082","4.754","2.641","2.533","0.302","0.082","-1.047","0"
"1986/06/01","00:00","6.293","4.944","4.583","2.484","2.392","0.194","-0.036","-0.948","0"
"1986/07/01","00:00","6.283","5.102","4.754","2.694","2.592","0.433","0.233","-0.689","0"
"1986/08/01","00:00","6.883","5.013","4.662","2.612","2.513","0.364","0.184","-0.246","0"
"1986/09/01","00:00","5.712","4.921","4.583","2.513","2.411","0.243","0.131","-1.358","0"
"1986/10/01","00:00","5.863","5.072","4.783","2.674","2.592","0.394","0.243","-1.339","0"
"1986/11/01","00:00","6.194","5.043","4.623","2.454","2.372","0.121","-0.128","-1.476","0"
"1986/12/01","00:00","7.333","5.052","4.564","2.421","2.323","0.082","-0.197","-1.686","0"
"1987/01/01","00:00","8.373","4.993","4.501","2.372","2.293","0.082","-0.246","-1.667","0"
"1987/02/01","00:00","5.692","4.413","4.101","2.073","1.991","-0.108","-0.236","-1.056","0"
"1987/03/01","00:00","5.981","5.013","4.774","2.703","2.612","0.443","0.302","-0.728","0"
"1987/04/01","00:00","6.473","5.154","4.862","2.851","2.733","0.604","0.413","-0.538","0"
"1987/05/01","00:00","5.614","4.852","4.534","2.503","2.402","0.282","0.072","-0.968","0"
"1987/06/01","00:00","5.863","5.033","4.672","2.612","2.503","0.341","0.141","-0.797","0"
"1987/07/01","00:00","6.312","5.102","4.793","2.703","2.602","0.423","0.223","-0.548","0"
"1987/08/01","00:00","6.453","5.164","4.833","2.733","2.641","0.453","0.292","-0.568","0"
"1987/09/01","00:00","6.053","5.203","4.862","2.743","2.654","0.443","0.302","-0.837","0"
"1987/10/01","00:00","6.132","4.964","4.652","2.503","2.411","0.184","-0.016","-1.827","0"
"1987/11/01","00:00","6.053","4.902","4.521","2.402","2.313","0.092","-0.167","-1.847","0"
"1987/12/01","00:00","6.122","4.964","4.573","2.484","2.372","0.184","-0.118","-1.138","0"
"1988/01/01","00:00","6.581","4.501","4.052","1.991","1.903","-0.246","-0.518","-2.028","0"
"1988/02/01","00:00","6.742","4.764","4.262","2.221","2.133","0.003","-0.236","-1.686","0"
"1988/03/01","00:00","5.702","4.383","4.114","2.093","1.972","-0.177","-0.318","-1.808","0"
"1988/04/01","00:00","6.152","5.194","4.833","2.762","2.654","0.463","0.292","-1.227","0"
"1988/05/01","00:00","5.814","5.082","4.682","2.572","2.474","0.253","0.102","-0.768","0"
"1988/06/01","00:00","6.142","5.112","4.731","2.582","2.503","0.262","0.043","-0.528","0"
"1988/07/01","00:00","5.961","4.964","4.593","2.431","2.333","0.072","-0.108","-0.846","0"
"1988/08/01","00:00","6.224","5.082","4.711","2.543","2.444","0.164","-0.026","-0.997","0"
"1988/09/01","00:00","6.152","4.993","4.652","2.474","2.392","0.131","-0.007","-0.919","0"
"1988/10/01","00:00","7.021","4.931","4.593","2.503","2.411","0.223","0.013","-0.997","0"
"1988/11/01","00:00","5.971","4.764","4.354","2.264","2.162","-0.036","-0.308","-2.359","0"
"1988/12/01","00:00","6.004","4.564","4.163","2.103","2.011","-0.148","-0.367","-1.486","0"
"1989/01/01","00:00","6.194","4.534","4.134","2.103","2.011","-0.118","-0.328","-2.136","0"
"1989/02/01","00:00","5.604","4.521","4.183","2.093","1.982","-0.207","-0.427","-2.867","0"
"1989/03/01","00:00","6.181","4.573","4.291","2.244","2.172","0.062","-0.138","-1.109","0"
"1989/04/01","00:00","5.823","4.593","4.301","2.211","2.093","-0.108","-0.269","-1.677","0"
"1989/05/01","00:00","6.542","5.082","4.711","2.582","2.484","0.243","0.013","-1.476","0"
"1989/06/01","00:00","5.932","5.194","4.813","2.664","2.552","0.282","0.102","-0.617","0"
"1989/07/01","00:00","5.942","5.112","4.744","2.592","2.503","0.262","0.062","-0.827","0"
"1989/08/01","00:00","6.033","5.121","4.823","2.703","2.602","0.374","0.213","-0.797","0"
"1989/09/01","00:00","6.644","5.052","4.793","2.664","2.572","0.341","0.154","-0.876","0"
"1989/10/01","00:00","7.333","4.974","4.692","2.582","2.493","0.292","0.082","-1.047","0"
"1989/11/01","00:00","7.192","4.783","4.354","2.274","2.162","-0.026","-0.397","-2.287","0"
"1989/12/01","00:00","5.873","4.413","3.983","1.903","1.801","-0.377","-0.627","-1.867","0"
"1990/01/01","00:00","6.112","4.491","4.134","2.001","1.903","-0.318","-0.568","-2.008","0"
"1990/02/01","00:00","5.551","4.642","4.272","2.142","2.064","-0.157","-0.387","-2.569","0"
"1990/03/01","00:00","5.712","4.511","4.222","2.093","1.991","-0.246","-0.397","-1.916","0"
"1990/04/01","00:00","6.033","4.662","4.344","2.244","2.133","-0.079","-0.256","-1.076","0"
"1990/05/01","00:00","6.542","5.112","4.793","2.664","2.572","0.351","0.121","-0.499","0"
"1990/06/01","00:00","6.214","5.033","4.652","2.552","2.454","0.243","0.003","-0.456","0"
"1990/07/01","00:00","5.994","5.072","4.711","2.621","2.533","0.351","0.141","-0.518","0"
"1990/08/01","00:00","7.044","5.233","4.862","2.822","2.713","0.574","0.404","-0.446","0"
"1990/09/01","00:00","5.942","5.121","4.803","2.703","2.592","0.384","0.223","-0.607","0"
"1990/10/01","00:00","5.604","5.052","4.721","2.582","2.484","0.233","0.062","-1.568","0"
"1990/11/01","00:00","6.552","4.921","4.482","2.372","2.264","0.033","-0.217","-2.388","0"
"1990/12/01","00:00","7.333","4.774","4.364","2.221","2.123","-0.128","-0.436","-1.647","0"
"1991/01/01","00:00","6.122","4.944","4.534","2.352","2.264","-0.007","-0.246","-2.907","0"
"1991/02/01","00:00","6.342","4.613","4.272","2.192","2.093","-0.089","-0.308","-2.618","0"
"1991/03/01","00:00","6.224","5.184","4.872","2.723","2.631","0.394","0.213","-1.056","0"
"1991/04/01","00:00","6.253","4.911","4.603","2.474","2.362","0.131","-0.069","-1.047","0"
"1991/05/01","00:00","6.063","4.984","4.633","2.493","2.411","0.194","-0.007","-0.738","0"
"1991/06/01","00:00","6.102","5.174","4.823","2.694","2.592","0.374","0.174","-1.037","0"
"1991/07/01","00:00","6.391","5.164","4.843","2.694","2.602","0.364","0.174","-0.558","0"
"1991/08/01","00:00","6.552","5.102","4.754","2.562","2.474","0.184","0.023","-0.938","0"
"1991/09/01","00:00","6.014","5.052","4.754","2.562","2.474","0.194","0.072","-0.676","0"
"1991/10/01","00:00","8.724","5.331","4.974","2.762","2.684","0.384","0.141","-1.066","0"
"1991/11/01","00:00","6.371","5.023","4.692","2.552","2.444","0.194","-0.007","-1.598","0"
"1991/12/01","00:00","6.732","4.852","4.383","2.254","2.133","-0.108","-0.397","-1.877","0"
"1992/01/01","00:00","6.864","4.895","4.465","2.329","2.249","0.033","-0.259","-2.218","0"
"1992/02/01","00:00","6.234","4.931","4.554","2.441","2.37","0.187","-0.043","-1.227","0"
"1992/03/01","00:00","6.742","4.738","4.488","2.398","2.297","0.105","-0.098","-1.467","0"
"1992/04/01","00:00","6.053","5.03","4.744","2.575","2.498","0.253","0.112","-1.138","0"
"1992/05/01","00:00","6.342","5.203","4.843","2.69","2.582","0.322","0.148","-0.528","0"
"1992/06/01","00:00","6.414","5.282","4.931","2.762","2.654","0.374","0.174","-0.577","0"
"1992/07/01","00:00","6.073","5.341","5.052","2.802","2.694","0.331","0.154","-0.817","0"
"1992/08/01","00:00","7.034","5.213","4.954","2.684","2.572","0.203","0.062","-1.129","0"
"1992/09/01","00:00","6.962","5.121","4.852","2.654","2.562","0.262","0.141","-0.846","0"
"1992/10/01","00:00","5.961","5.052","4.783","2.592","2.493","0.213","0.062","-1.096","0"
"1992/11/01","00:00","6.493","5.043","4.754","2.572","2.493","0.233","0.033","-0.978","0"
"1992/12/01","00:00","9.701","5.082","4.692","2.562","2.464","0.233","-0.118","-3.018","0"
"1993/01/01","00:00","6.742","4.882","4.491","2.352","2.274","0.062","-0.217","-1.227","0"
"1993/02/01","00:00","6.923","4.944","4.662","2.493","2.411","0.164","-0.046","-1.129","0"
"1993/03/01","00:00","8.353","4.872","4.573","2.392","2.313","0.062","-0.187","-3.146","0"
"1993/04/01","00:00","6.932","5.394","5.121","2.972","2.851","0.584","0.374","-0.748","0"
"1993/05/01","00:00","6.024","5.262","4.931","2.733","2.621","0.312","0.072","-0.938","0"
"1993/06/01","00:00","5.883","5.092","4.774","2.592","2.464","0.164","-0.056","-0.656","0"
"1993/07/01","00:00","6.214","5.262","4.944","2.753","2.654","0.351","0.184","-0.597","0"
"1993/08/01","00:00","6.234","5.233","4.984","2.792","2.694","0.404","0.243","-0.427","0"
"1993/09/01","00:00","6.634","5.223","4.944","2.743","2.654","0.351","0.233","-1.198","0"
"1993/10/01","00:00","6.503","5.131","4.833","2.641","2.562","0.292","0.092","-1.037","0"
"1993/11/01","00:00","6.844","4.931","4.593","2.392","2.293","0.003","-0.299","-1.407","0"
"1993/12/01","00:00","7.192","5.253","4.813","2.612","2.523","0.233","-0.079","-1.877","0"
"1994/01/01","00:00","7.244","4.531","4.104","1.949","1.857","-0.39","-0.784","-2.598","0"
"1994/02/01","00:00","6.234","4.708","4.337","2.182","2.106","-0.125","-0.43","-2.618","0"
"1994/03/01","00:00","7.433","4.992","4.693","2.443","2.343","-0.017","-0.267","-1.477","0"
"1994/04/01","00:00","6.883","4.833","4.532","2.333","2.222","-0.087","-0.287","-1.488","0"
"1994/05/01","00:00","6.623","5.133","4.853","2.693","2.583","0.313","0.113","-0.547","0"
"1994/06/01","00:00","6.273","5.003","4.693","2.512","2.403","0.113","-0.077","-0.747","0"
"1994/07/01","00:00","5.733","5.043","4.742","2.603","2.503","0.262","0.093","-0.907","0"
"1994/08/01","00:00","5.823","4.984","4.721","2.592","2.492","0.262","0.131","-0.666","0"
"1994/09/01","00:00","6.353","5.163","4.923","2.722","2.633","0.353","0.213","-0.907","0"
"1994/10/01","00:00","6.033","5.157","4.895","2.674","2.567","0.24","0.125","-1.007","0"
"1994/11/01","00:00","6.122","4.843","4.511","2.224","2.118","-0.276","-0.531","-2.838","0"
"1994/12/01","00:00","6.483","5.18","4.79","2.474","2.39","-0.01","-0.203","-1.978","0"
"1995/01/01","00:00","6.703","4.856","4.537","2.234","2.146","-0.246","-0.446","-2.077","0"
"1995/02/01","00:00","7.172","4.498","4.18","1.978","1.882","-0.417","-0.63","-1.827","0"
"1995/03/01","00:00","5.814","4.898","4.685","2.438","2.351","0.016","-0.089","-0.988","0"
"1995/04/01","00:00","5.951","4.826","4.58","2.326","2.239","-0.102","-0.285","-1.007","0"
"1995/05/01","00:00","6.473","5.197","4.921","2.72","2.615","0.308","0.141","-0.699","0"
"1995/06/01","00:00","6.581","5.062","4.764","2.543","2.451","0.138","-0.059","-1.207","0"
"1995/07/01","00:00","6.194","5.18","4.885","2.621","2.513","0.141","-0.007","-1.027","0"
"1995/08/01","00:00","6.263","5.42","5.164","2.907","2.803","0.443","0.305","-0.627","0"
"1995/09/01","00:00","6.342","5.394","5.108","2.858","2.746","0.384","0.262","-0.499","0"
"1995/10/01","00:00","6.512","5.276","4.98","2.7","2.608","0.236","0.026","-1.286","0"
"1995/11/01","00:00","6.893","5.312","4.987","2.726","2.623","0.259","-0.02","-1.129","0"
"1995/12/01","00:00","7.264","4.944","4.61","2.379","2.28","-0.049","-0.282","-2.589","0"
"1996/01/01","00:00","7.001","5.236","4.823","2.707","2.605","0.387","-0.043","-1.578","0"
"1996/02/01","00:00","6.211","4.833","4.541","2.356","2.285","0.03","-0.148","-1.535","0"
"1996/03/01","00:00","8.284","4.911","4.573","2.369","2.283","-0.007","-0.24","-3.002","0"
"1996/04/01","00:00","6.864","5.2","4.941","2.769","2.654","0.367","0.128","-0.988","0"
"1996/05/01","00:00","6.099","5.21","4.911","2.697","2.574","0.236","0.066","-0.712","0"
"1996/06/01","00:00","6.299","5.328","5.013","2.782","2.672","0.331","0.131","-0.82","0"
"1996/07/01","00:00","6.594","5.335","5.072","2.782","2.68","0.289","0.098","-0.676","0"
"1996/08/01","00:00","6.463","5.4","5.171","2.835","2.749","0.328","0.177","-0.692","0"
"1996/09/01","00:00","6.824","5.741","5.525","3.271","3.168","0.81","0.643","-0.548","0"
"1996/10/01","00:00","8.271","5.587","5.295","3.087","2.977","0.659","0.472","-0.489","0"
"1996/11/01","00:00","6.253","5.302","4.993","2.822","2.715","0.436","0.279","-1.047","0"
"1996/12/01","00:00","7.53","5.594","5.246","3.038","2.946","0.646","0.456","-1.726","0"
"1997/01/01","00:00","7.425","4.974","4.619","2.434","2.333","0.046","-0.282","-2.385","0"
"1997/02/01","00:00","6.778","4.954","4.708","2.48","2.38","0.052","-0.148","-1.26","0"
"1997/03/01","00:00","6.581","5.082","4.783","2.589","2.464","0.144","-0.075","-2.687","0"
"1997/04/01","00:00","6.775","5.456","5.23","2.995","2.894","0.558","0.328","-1.099","0"
"1997/05/01","00:00","6.25","5.138","4.882","2.631","2.503","0.125","-0.102","-1.608","0"
"1997/06/01","00:00","NaN","5.453","5.18","2.956","2.835","0.489","0.282","NaN","13"
"1997/07/01","00:00","NaN","5.253","4.98","2.756","2.644","0.312","0.095","NaN","13"
"1997/08/01","00:00","NaN","5.285","5.046","2.858","2.736","0.427","0.253","NaN","13"
"1997/09/01","00:00","NaN","5.236","5.03","2.825","2.713","0.4","0.213","NaN","13"
"1997/10/01","00:00","NaN","5.262","5.003","2.815","2.7","0.397","0.24","NaN","13"
"1997/11/01","00:00","NaN","5.322","4.987","2.841","2.71","0.433","0.112","NaN","13"
"1997/12/01","00:00","6.26","5.007","4.692","2.441","2.32","-0.052","-0.354","-2.566","0"
"1998/01/01","00:00","7.497","5.456","5.115","2.851","2.761","0.407","0.187","-1.883","0"
"1998/02/01","00:00","7.602","5.627","5.331","3.146","3.069","0.807","0.587","-0.597","0"
"1998/03/01","00:00","6.598","5.24","4.954","2.657","2.531","0.108","-0.072","-1.962","0"
"1998/04/01","00:00","6.483","5.394","5.135","2.887","2.79","0.446","0.249","-1.158","0"
"1998/05/01","00:00","6.86","5.577","5.289","3.084","2.972","0.656","0.459","-0.768","0"
"1998/06/01","00:00","6.273","5.364","5.059","2.881","2.761","0.463","0.262","-0.315","0"
"1998/07/01","00:00","5.856","5.24","4.967","2.831","2.712","0.456","0.292","-0.233","0"
"1998/08/01","00:00","5.827","5.315","5.016","2.854","2.753","0.489","0.354","-0.522","0"
"1998/09/01","00:00","6.493","5.335","5.079","2.884","2.781","0.482","0.381","-0.965","0"
"1998/10/01","00:00","6.188","5.095","4.843","2.621","2.525","0.207","0.052","-1.115","0"
"1998/11/01","00:00","6.214","5.033","4.738","2.461","2.362","-0.013","-0.19","-1.063","0"
"1998/12/01","00:00","6.417","5.02","4.646","2.346","2.259","-0.128","-0.364","-1.847","0"
"1999/01/01","00:00","7.356","4.934","4.537","2.26","2.183","-0.171","-0.417","-2.165","0"
"1999/02/01","00:00","6.224","5.207","4.948","2.72","2.641","0.335","0.128","-0.896","0"
"1999/03/01","00:00","6.893","4.941","4.675","2.408","2.326","-0.023","-0.279","-1.726","0"
"1999/04/01","00:00","6.631","5.167","4.928","2.684","2.603","0.279","0.135","-1.194","0"
"1999/05/01","00:00","6.26","5.236","4.944","2.749","2.656","0.367","0.233","-0.81","0"
"1999/06/01","00:00","6.332","5.164","4.846","2.657","2.567","0.289","0.075","-0.699","0"
"1999/07/01","00:00","6.27","5.243","4.948","2.733","2.638","0.328","0.138","-0.735","0"
"1999/08/01","00:00","6.145","5.436","5.161","2.913","2.812","0.463","0.331","-0.495","0"
"1999/09/01","00:00","6.234","5.41","5.161","2.89","2.792","0.423","0.2","-0.807","0"
"1999/10/01","00:00","6.699","5.118","4.885","2.628","2.525","0.164","0","-1.083","0"
"1999/11/01","00:00","6.07","4.931","4.626","2.405","2.295","-0.036","-0.266","-1.224","0"
"1999/12/01","00:00","6.096","4.915","4.551","2.392","2.272","-0.007","-0.269","-1.85","0"
"2000/01/01","00:00","6.88","4.711","4.209","2.054","1.944","-0.322","-0.738","-2.723","0"
"2000/02/01","00:00","6.05","4.442","4.137","1.988","1.908","-0.322","-0.545","-1.768","0"
"2000/03/01","00:00","6.512","5.046","4.76","2.648","2.548","0.335","0.19","-0.902","0"
"2000/04/01","00:00","6.657","5.108","4.869","2.717","2.608","0.348","0.115","-1.558","0"
"2000/05/01","00:00","6.227","5.43","5.131","2.9","2.812","0.492","0.289","-0.961","0"
"2000/06/01","00:00","6.611","5.331","4.993","2.792","2.685","0.377","0.171","-0.758","0"
"2000/07/01","00:00","6.424","5.476","5.154","2.927","2.812","0.469","0.282","-0.64","0"
"2000/08/01","00:00","6.644","5.443","5.164","2.913","2.813","0.463","0.308","-0.394","0"
"2000/09/01","00:00","7.008","5.377","5.098","2.881","2.79","0.482","0.328","-0.538","0"
"2000/10/01","00:00","6.066","5.171","4.902","2.746","2.649","0.397","0.213","-0.922","0"
"2000/11/01","00:00","6.923","5.279","4.944","2.779","2.687","0.43","0.197","-1.703","0"
"2000/12/01","00:00","6.486","5.036","4.56","2.421","2.341","0.121","-0.197","-2.802","0"
"2001/01/01","00:00","NaN","5.043","4.695","2.566","2.48","0.266","0.003","NaN","13"
"2001/02/01","00:00","NaN","4.829","4.488","2.287","2.218","-0.049","-0.249","NaN","13"
"2001/03/01","00:00","NaN","5.197","4.915","2.818","2.713","0.515","0.259","NaN","13"
"2001/04/01","00:00","NaN","5.203","4.961","2.795","2.7","0.443","0.266","NaN","13"
"2001/05/01","00:00","6.184","5.131","4.879","2.717","2.615","0.351","0.141","-0.764","0"
"2001/06/01","00:00","6.253","5.167","4.852","2.664","2.562","0.272","0.043","-0.768","0"
"2001/07/01","00:00","6.309","5.226","4.888","2.733","2.639","0.39","0.184","-0.699","0"
"2001/08/01","00:00","6.227","5.197","4.902","2.73","2.644","0.387","0.22","-0.702","0"
"2001/09/01","00:00","6.358","5.292","5.056","2.923","2.82","0.584","0.436","-0.531","0"
"2001/10/01","00:00","6.49","5.016","4.774","2.618","2.503","0.233","0.069","-2.106","0"
"2001/11/01","00:00","5.837","4.925","4.623","2.464","2.359","0.095","-0.066","-1.198","0"
"2001/12/01","00:00","6.194","4.974","4.639","2.434","2.346","0.052","-0.164","-1.736","0"
"2002/01/01","00:00","6.342","4.79","4.314","2.087","1.985","-0.344","-0.63","-2.523","0"
"2002/02/01","00:00","6.539","4.967","4.616","2.428","2.346","0.075","-0.121","-2.32","0"
"2002/03/01","00:00","6.191","4.623","4.386","2.133","2.049","-0.289","-0.525","-1.998","0"
"2002/04/01","00:00","6.375","4.872","4.583","2.372","2.295","0.007","-0.18","-1.286","0"
"2002/05/01","00:00","6.184","4.954","4.616","2.457","2.374","0.131","-0.154","-1.132","0"
"2002/06/01","00:00","6.542","5.19","4.82","2.697","2.592","0.364","0.102","-0.863","0"
"2002/07/01","00:00","5.869","5.092","4.774","2.661","2.562","0.351","0.154","-0.64","0"
"2002/08/01","00:00","5.781","5.184","4.846","2.756","2.646","0.446","0.285","-0.745","0"
"2002/09/01","00:00","6.348","5.302","4.997","2.864","2.769","0.541","0.358","-0.869","0"
"2002/10/01","00:00","6.768","5.459","5.128","2.995","2.905","0.682","0.476","-1.161","0"
"2002/11/01","00:00","7.159","5.02","4.616","2.464","2.365","0.115","-0.154","-1.542","0"
"2002/12/01","00:00","7.539","5.056","4.596","2.382","2.29","-0.016","-0.328","-1.88","0"
"2003/01/01","00:00","7.585","4.777","4.337","2.211","2.133","-0.072","-0.325","-2.303","0"
"2003/02/01","00:00","7.182","4.439","4.042","1.939","1.865","-0.312","-0.535","-1.526","0"
"2003/03/01","00:00","6.854","4.925","4.662","2.523","2.433","0.203","0.023","-1.28","0"
"2003/04/01","00:00","7.49","5.171","4.895","2.808","2.703","0.512","0.299","-1.621","0"
"2003/05/01","00:00","7.051","5.23","4.911","2.818","2.73","0.548","0.361","-0.771","0"
"2003/06/01","00:00","6.647","5.374","4.993","2.927","2.833","0.673","0.502","-0.358","0"
"2003/07/01","00:00","6.24","5.203","4.862","2.766","2.659","0.456","0.249","-0.4","0"
"2003/08/01","00:00","5.866","5.256","4.944","2.795","2.689","0.433","0.266","-0.495","0"
"2003/09/01","00:00","6.841","5.594","5.279","3.14","3.04","0.801","0.646","-0.269","0"
"2003/10/01","00:00","6.529","5.174","4.859","2.72","2.612","0.364","0.151","-1.05","0"
"2003/11/01","00:00","7.113","5.02","4.646","2.556","2.451","0.256","-0.036","-2.11","0"
"2003/12/01","00:00","7.457","4.99","4.485","2.457","2.346","0.207","-0.164","-1.759","0"
"2004/01/01","00:00","5.843","4.587","4.085","2.051","1.973","-0.138","-0.436","-1.916","0"
"2004/02/01","00:00","NaN","4.652","4.301","2.234","2.139","-0.023","-0.223","NaN","13"
"2004/03/01","00:00","NaN","4.826","4.491","2.523","2.421","0.351","0.154","NaN","13"
"2004/04/01","00:00","NaN","4.81","4.514","2.5","2.385","0.256","0.059","NaN","13"
"2004/05/01","00:00","NaN","5.02","4.682","2.575","2.48","0.279","0.085","NaN","13"
"2004/06/01","00:00","6.795","5.217","4.846","2.713","2.618","0.39","0.177","-0.62","0"
"2004/07/01","00:00","6.056","5.292","4.921","2.785","2.679","0.436","0.223","-0.764","0"
"2004/08/01","00:00","6.083","5.285","4.928","2.779","2.674","0.42","0.24","-0.735","0"
"2004/09/01","00:00","6.565","5.367","5.098","2.999","2.895","0.692","0.515","-0.653","0"
"2004/10/01","00:00","6.65","5.472","5.203","3.146","3.038","0.873","0.709","-0.512","0"
"2004/11/01","00:00","7.028","5.125","4.721","2.697","2.595","0.469","0.259","-0.978","0"
"2004/12/01","00:00","7.142","5.013","4.59","2.559","2.462","0.335","0.016","-1.109","0"
"2005/01/01","00:00","6.827","5.105","4.695","2.68","2.6","0.505","0.233","-1.106","0"
"2005/02/01","00:00","6.585","5.062","4.708","2.664","2.572","0.436","0.2","-1.145","0"
"2005/03/01","00:00","6.526","5.01","4.724","2.664","2.559","0.394","0.151","-3.094","0"
"2005/04/01","00:00","6.854","5.377","5.095","3.051","2.922","0.748","0.528","-0.82","0"
"2005/05/01","00:00","7.129","5.518","5.246","3.136","3.046","0.846","0.63","-0.427","0"
"2005/06/01","00:00","6.194","5.407","5.056","2.946","2.841","0.627","0.377","-0.535","0"
"2005/07/01","00:00","6.526","5.42","5.056","3.002","2.885","0.715","0.505","-0.417","0"
"2005/08/01","00:00","6.529","5.315","4.993","2.963","2.859","0.725","0.564","-0.328","0"
"2005/09/01","00:00","6.371","5.174","4.895","2.874","2.756","0.617","0.443","-0.479","0"
"2005/10/01","00:00","7.395","5.518","5.207","3.15","3.061","0.915","0.646","-1.831","0"
"2005/11/01","00:00","6.207","5.135","4.659","2.589","2.477","0.295","0.069","-0.883","0"
"2005/12/01","00:00","7.067","4.885","4.419","2.339","2.259","0.098","-0.223","-1.985","0"
"2006/01/01","00:00","7.638","5.236","4.724","2.585","2.495","0.266","-0.016","-1.388","0"
"2006/02/01","00:00","7.106","4.816","4.423","2.356","2.257","0.092","-0.22","-1.693","0"
"2006/03/01","00:00","5.846","4.783","4.511","2.379","2.272","0.033","-0.112","-1.726","0"
"2006/04/01","00:00","6.165","5.128","4.79","2.694","2.587","0.384","0.207","-0.705","0"
"2006/05/01","00:00","6.119","5.404","5.046","2.989","2.895","0.745","0.522","-0.564","0"
"2006/06/01","00:00","5.823","5.24","4.865","2.835","2.738","0.61","0.354","-0.318","0"
"2006/07/01","00:00","5.732","5.138","4.793","2.772","2.669","0.545","0.308","-0.636","0"
"2006/08/01","00:00","6.286","5.417","5.075","3.045","2.938","0.801","0.663","-0.502","0"
"2006/09/01","00:00","7.444","5.669","5.348","3.281","3.179","1.01","0.84","-0.633","0"
"2006/10/01","00:00","7.159","5.387","4.951","2.9","2.799","0.646","0.381","-1.198","0"
"2006/11/01","00:00","6.621","5.417","5.069","2.995","2.897","0.725","0.518","-0.899","0"
"2006/12/01","00:00","6.135","4.751","4.37","2.264","2.136","-0.098","-0.305","-1.64","0"
"2007/01/01","00:00","6.191","4.803","4.327","2.251","2.149","-0.03","-0.243","-2.539","0"
"2007/02/01","00:00","5.627","4.186","3.825","1.788","1.699","-0.427","-0.748","-2.759","0"
"2007/03/01","00:00","6.352","4.469","4.16","2.093","2.003","-0.154","-0.341","-2.428","0"
"2007/04/01","00:00","7.664","5.197","4.849","2.808","2.707","0.564","0.361","-0.833","0"
"2007/05/01","00:00","6.276","4.915","4.58","2.533","2.429","0.279","0.046","-1.056","0"
"2007/06/01","00:00","6.827","5.308","4.931","2.881","2.792","0.653","0.446","0.026","0"
"2007/07/01","00:00","5.981","5.23","4.846","2.762","2.671","0.495","0.302","-0.302","0"
"2007/08/01","00:00","6.319","5.413","5.098","2.923","2.83","0.561","0.387","-0.482","0"
"2007/09/01","00:00","6.417","5.24","4.938","2.772","2.69","0.443","0.308","-0.768","0"
"2007/10/01","00:00","6.926","5.453","5.112","2.946","2.869","0.627","0.499","-0.942","0"
"2007/11/01","00:00","6.352","5.174","4.823","2.677","2.597","0.371","0.115","-1.627","0"
"2007/12/01","00:00","7.185","5.167","4.629","2.487","2.426","0.223","-0.108","-1.601","0"
"2008/01/01","00:00","5.942","5","4.547","2.454","2.387","0.226","-0.046","-1.335","0"
"2008/02/01","00:00","6.243","4.934","4.518","2.415","2.306","0.095","-0.131","-2.28","0"
"2008/03/01","00:00","6.348","5.066","4.659","2.575","2.505","0.351","0.108","-2.782","0"
"2008/04/01","00:00","7.306","5.289","4.993","2.9","2.81","0.627","0.436","-0.873","0"
"2008/05/01","00:00","7.605","5.771","5.351","3.173","3.092","0.833","0.564","-0.397","0"
"2008/06/01","00:00","6.371","5.505","5.102","2.917","2.841","0.581","0.354","-0.577","0"
"2008/07/01","00:00","6.276","5.466","5.049","2.874","2.792","0.535","0.312","-0.679","0"
"2008/08/01","00:00","6.48","5.545","5.203","2.969","2.908","0.614","0.427","-0.246","0"
"2008/09/01","00:00","6.588","5.525","5.236","3.058","2.99","0.745","0.568","-0.374","0"
"2008/10/01","00:00","7.205","5.427","5.049","2.877","2.803","0.558","0.387","-1.512","0"
"2008/11/01","00:00","6.955","5.233","4.869","2.726","2.649","0.43","0.18","-1.378","0"
"2008/12/01","00:00","7.595","4.885","4.383","2.27","2.185","-0.013","-0.446","-2.103","0"
"2009/01/01","00:00","6.444","4.797","4.4","2.241","2.18","-0.039","-0.295","-2.031","0"
"2009/02/01","00:00","6.099","4.905","4.528","2.346","2.287","0.046","-0.102","-1.729","0"
"2009/03/01","00:00","6.194","5.115","4.823","2.628","2.556","0.289","0.141","-1.624","0"
"2009/04/01","00:00","5.932","5.249","4.921","2.72","2.628","0.335","0.148","-0.768","0"
"2009/05/01","00:00","6.486","5.279","4.954","2.736","2.659","0.364","0.151","-0.614","0"
"2009/06/01","00:00","7.133","5.879","5.502","3.284","3.2","0.899","0.689","-0.079","0"
"2009/07/01","00:00","7.083","5.636","5.282","3.133","3.048","0.814","0.623","-0.522","0"
"2009/08/01","00:00","6.545","5.44","5.095","2.966","2.876","0.656","0.466","-0.568","0"
"2009/09/01","00:00","6.785","5.581","5.302","3.143","3.063","0.823","0.663","-0.676","0"
"2009/10/01","00:00","7.762","5.673","5.404","3.228","3.163","0.922","0.673","-1.119","0"
"2009/11/01","00:00","7.556","5.725","5.358","3.199","3.13","0.902","0.686","-1.119","0"
"2009/12/01","00:00","6.69","5.308","4.875","2.657","2.603","0.331","-0.039","-2.293","0"
"2010/01/01","00:00","6.581","5.305","4.892","2.654","2.575","0.259","0.052","-2.474","0"
"2010/02/01","00:00","6.627","5.335","4.993","2.858","2.781","0.568","0.374","-1.394","0"
"2010/03/01","00:00","8.802","5.951","5.6","3.386","3.292","0.984","0.801","-1.02","0"
"2010/04/01","00:00","7.346","5.495","5.19","2.992","2.897","0.6","0.39","-0.659","0"
"2010/05/01","00:00","6.414","5.361","5","2.828","2.748","0.495","0.282","-0.423","0"
"2010/06/01","00:00","6.316","5.561","5.197","3.045","2.956","0.715","0.482","-0.23","0"
"2010/07/01","00:00","6.43","5.456","5.118","2.956","2.866","0.614","0.417","-0.167","0"
"2010/08/01","00:00","6.795","5.627","5.318","3.14","3.058","0.797","0.646","-0.413","0"
"2010/09/01","00:00","6.585","5.62","5.308","3.084","2.989","0.666","0.512","-0.745","0"
"2010/10/01","00:00","7.27","5.591","5.259","3.018","2.956","0.653","0.456","-0.928","0"
"2010/11/01","00:00","7.178","5.587","5.266","3.002","2.931","0.597","0.338","-0.899","0"
"2010/12/01","00:00","6.677","5.417","5.003","2.759","2.698","0.394","0.118","-1.903","0"
"2011/01/01","00:00","6.378","5.22","4.803","2.566","2.505","0.207","-0.003","-1.273","0"
"2011/02/01","00:00","6.542","5.082","4.688","2.431","2.377","0.066","-0.24","-2.254","0"
"2011/03/01","00:00","6.837","5.253","4.957","2.753","2.672","0.387","0.187","-1.604","0"
"2011/04/01","00:00","8.097","5.459","5.144","2.9","2.825","0.505","0.289","-1.079","0"
"2011/05/01","00:00","7.477","5.791","5.433","3.268","3.173","0.912","0.735","0.003","0"
"2011/06/01","00:00","6.795","5.784","5.427","3.228","3.156","0.886","0.696","-0.164","0"
"2011/07/01","00:00","6.572","5.686","5.348","3.1","3.018","0.689","0.515","-0.118","0"
"2011/08/01","00:00","9.508","5.843","5.525","3.228","3.138","0.751","0.548","-1.066","0"
"2011/09/01","00:00","7.552","5.965","5.689","3.422","3.312","0.935","0.787","-0.19","0"
"2011/10/01","00:00","7.356","5.814","5.512","3.209","3.135","0.758","0.558","-0.886","0"
"2011/11/01","00:00","6.969","5.407","5.052","2.818","2.731","0.41","0.246","-0.863","0"
"2011/12/01","00:00","6.693","5.299","4.902","2.644","2.575","0.249","0.02","-1.306","0"
"2012/01/01","00:00","7.018","5.049","4.639","2.441","2.351","0.062","-0.194","-1.837","0"
"2012/02/01","00:00","6.184","5.059","4.728","2.464","2.402","0.075","-0.135","-2.136","0"
"2012/03/01","00:00","5.751","5.131","4.879","2.677","2.59","0.302","0.148","-1.762","0"
"2012/04/01","00:00","6.867","5.397","5.131","2.851","2.776","0.42","0.24","-0.801","0"
"2012/05/01","00:00","6.706","5.472","5.171","2.884","2.812","0.453","0.259","-0.63","0"
"2012/06/01","00:00","7.68","5.837","5.509","3.222","3.141","0.774","0.541","-0.243","0"
"2012/07/01","00:00","6.598","5.64","5.312","3.005","2.928","0.545","0.354","-0.367","0"
"2012/08/01","00:00","6.46","5.591","5.325","3.018","2.935","0.545","0.387","-0.335","0"
"2012/09/01","00:00","6.66","5.459","5.213","2.933","2.846","0.479","0.328","-0.676","0"
"2012/10/01","00:00","14.042","5.919","5.531","3.235","3.132","0.732","0.515","-0.988","0"
"2012/11/01","00:00","6.89","5.479","5.125","2.91","2.82","0.515","0.315","-0.886","0"
"2012/12/01","00:00","7.464","5.561","5.164","2.92","2.831","0.499","0.151","-1.736","0"
"2013/01/01","00:00","6.732","4.977","4.593","2.316","2.246","-0.102","-0.374","-1.726","0"
"2013/02/01","00:00","7.32","5.049","4.692","2.438","2.377","0.062","-0.135","-1.476","0"
"2013/03/01","00:00","7.365","5.535","5.279","2.999","2.91","0.541","0.318","-1.07","0"
"2013/04/01","00:00","6.624","5.302","5","2.726","2.631","0.262","0.049","-0.902","0"
"2013/05/01","00:00","5.974","5.262","5.003","2.69","2.602","0.2","-0.023","-1.575","0"
"2013/06/01","00:00","6.44","5.564","5.243","3.002","2.889","0.535","0.308","-0.902","0"
"2013/07/01","00:00","6.985","5.541","5.236","3.045","2.941","0.646","0.469","-0.276","0"
"2013/08/01","00:00","6.266","5.502","5.223","3.002","2.925","0.627","0.512","-0.64","0"
"2013/09/01","00:00","6.171","5.472","5.233","2.999","2.918","0.604","0.476","-0.492","0"
"2013/10/01","00:00","6.811","5.574","5.358","3.114","3.028","0.699","0.568","-0.39","0"
"2013/11/01","00:00","6.64","5.036","4.728","2.441","2.349","-0.03","-0.253","-1.125","0"
"2013/12/01","00:00","6.726","5.236","4.81","2.487","2.405","0","-0.197","-1.063","0"
"2014/01/01","00:00","7.47","5.115","4.705","2.359","2.292","-0.121","-0.318","-1.995","0"
"2014/02/01","00:00","6.398","4.849","4.528","2.31","2.233","-0.062","-0.246","-2.083","0"
"2014/03/01","00:00","6.391","5.151","4.895","2.556","2.489","0.082","-0.066","-1.302","0"
"2014/04/01","00:00","7.569","5.505","5.184","2.907","2.818","0.453","0.23","-0.899","0"
"2014/05/01","00:00","6.755","5.594","5.276","3.005","2.918","0.561","0.348","-0.443","0"
"2014/06/01","00:00","6.683","5.627","5.295","3.064","2.971","0.646","0.456","-0.489","0"
"2014/07/01","00:00","6.401","5.463","5.157","2.927","2.83","0.502","0.289","-0.653","0"
"2014/08/01","00:00","7.011","5.682","5.39","3.12","3.036","0.682","0.541","-0.433","0"
"2014/09/01","00:00","6.936","5.715","5.413","3.12","3.04","0.666","0.538","-0.568","0"
"2014/10/01","00:00","6.49","5.699","5.469","3.189","3.074","0.682","0.502","-0.912","0"
"2014/11/01","00:00","6.693","5.276","4.948","2.671","2.569","0.19","-0.069","-1.532","0"
"2014/12/01","00:00","7.208","5.492","5.144","2.825","2.759","0.377","0.115","-1.089","0"
"2015/01/01","00:00","6.765","4.875","4.488","2.238","2.175","-0.138","-0.417","-1.883","0"
"2015/02/01","00:00","6.411","4.934","4.593","2.333","2.265","-0.062","-0.259","-2.884","0"
"2015/03/01","00:00","6.483","4.695","4.426","2.195","2.133","-0.161","-0.344","-1.873","0"
"2015/04/01","00:00","7.021","5.167","4.931","2.654","2.577","0.223","0.036","-1.063","0"
"2015/05/01","00:00","6.243","5.112","4.787","2.507","2.418","0.049","-0.105","-0.886","0"
"2015/06/01","00:00","6.25","5.564","5.226","2.956","2.874","0.522","0.348","-0.325","0"
"2015/07/01","00:00","6.368","5.709","5.39","3.107","3.004","0.617","0.449","-0.279","0"
"2015/08/01","00:00","6.27","5.617","5.387","3.028","2.931","0.476","0.305","-0.892","0"
"2015/09/01","00:00","6.844","5.699","5.489","3.156","3.066","0.643","0.502","-0.879","0"
"2015/10/01","00:00","7.402","5.738","5.479","3.156","3.056","0.633","0.427","-1.014","0"
"2015/11/01","00:00","6.772","5.322","5.069","2.769","2.685","0.302","0.098","-1.05","0"
"2015/12/01","00:00","6.66","5.364","5.059","2.762","2.685","0.312","0.052","-1.503","0"
"2016/01/01","00:00","7.877","5.249","4.934","2.677","2.616","0.299","0.003","-2.369","0"
"2016/02/01","00:00","7.953","5.18","4.839","2.559","2.462","0.085","-0.131","-2.336","0"
"2016/03/01","00:00","6.555","5.194","4.964","2.723","2.62","0.276","0.089","-1.257","0"
"2016/04/01","00:00","7.057","5.39","5.141","2.841","2.756","0.371","0.082","-2.27","0"
"2016/05/01","00:00","7.418","5.417","5.167","2.831","2.744","0.322","0.092","-0.751","0"
"2016/06/01","00:00","6.811","5.548","5.243","2.881","2.789","0.335","0.108","-0.915","0"
"2016/07/01","00:00","6.25","5.607","5.285","2.927","2.835","0.384","0.187","-0.764","0"
"2016/08/01","00:00","6.434","5.502","5.236","2.89","2.805","0.374","0.21","-0.505","0"
"2016/09/01","00:00","6.86","5.728","5.522","3.225","3.138","0.755","0.574","-0.646","0"
"2016/10/01","00:00","6.89","5.584","5.302","3.005","2.913","0.525","0.325","-0.702","0"
"2016/11/01","00:00","6.696","5.276","4.925","2.654","2.569","0.213","-0.013","-1.594","0"
"2016/12/01","00:00","6.568","5.046","4.708","2.408","2.315","-0.079","-0.374","-2.451","0"
"2017/01/01","00:00","7.49","5.328","4.931","2.605","2.526","0.118","-0.138","-1.841","0"
"2017/02/01","00:00","6.302","5.105","4.806","2.497","2.411","0.016","-0.226","-2.457","0"
"2017/03/01","00:00","7.605","4.928","4.613","2.231","2.142","-0.325","-0.63","-2.169","0"
"2017/04/01","00:00","7.221","5.65","5.335","3.009","2.904","0.472","0.276","-0.869","0"
"2017/05/01","00:00","7.431","5.755","5.492","3.182","3.081","0.669","0.456","-0.328","0"
"2017/06/01","00:00","6.736","5.617","5.318","3.012","2.91","0.502","0.289","-0.883","0"
"2017/07/01","00:00","7.031","5.715","5.397","3.13","3.023","0.65","0.492","-0.236","0"
"2017/08/01","00:00","6.224","5.577","5.318","3.074","2.984","0.65","0.512","-0.463","0"
"2017/09/01","00:00","6.955","5.673","5.433","3.212","3.105","0.778","0.656","-0.617","0"
"2017/10/01","00:00","7.11","5.607","5.289","3.051","2.943","0.597","0.397","-0.722","0"
"2017/11/01","00:00","7.172","5.574","5.249","2.93","2.859","0.469","0.246","-0.866","0"
"2017/12/01","00:00","7.254","5.177","4.738","2.405","2.329","-0.079","-0.325","-2.028","0"
"2018/01/01","00:00","7.438","5","4.534","2.182","2.136","-0.262","-0.459","-3.314","0"
"2018/02/01","00:00","5.837","4.944","4.642","2.411","2.333","0.023","-0.217","-1.752","0"
"2018/03/01","00:00","7.9","5.794","5.499","3.192","3.11","0.722","0.495","-1.25","0"
"2018/04/01","00:00","7.398","5.371","5.112","2.838","2.73","0.348","0.092","-0.899","0"
"2018/05/01","00:00","6.834","5.525","5.207","2.946","2.864","0.525","0.318","-0.499","0"
"2018/06/01","00:00","6.726","5.787","5.446","3.202","3.117","0.791","0.6","-0.528","0"
"2018/07/01","00:00","6.562","5.614","5.285","3.058","2.982","0.679","0.486","-0.518","0"
"2018/08/01","00:00","6.949","5.758","5.453","3.205","3.107","0.761","0.584","-0.272","0"
"2018/09/01","00:00","7.694","6.024","5.774","3.478","3.402","1.03","0.876","-0.056","0"
"2018/10/01","00:00","8.373","5.699","5.344","3.068","2.971","0.597","0.387","-0.322","0"
"2018/11/01","00:00","7.746","5.62","5.184","2.887","2.802","0.42","0.125","-1.407","0"
"2018/12/01","00:00","7.247","5.627","5.22","2.917","2.841","0.463","0.233","-1.417","0"
"2019/01/01","00:00","7.484","5.236","4.852","2.625","2.541","0.23","-0.066","-2.969","0"
"2019/02/01","00:00","6.87","5.033","4.669","2.398","2.326","-0.016","-0.279","-1.614","0"
"2019/03/01","00:00","7.208","5.174","4.859","2.664","2.577","0.295","0.144","-2.251","0"
"2019/04/01","00:00","6.965","5.335","5.043","2.848","2.744","0.446","0.217","-1.155","0"
"2019/05/01","00:00","6.726","5.781","5.469","3.245","3.156","0.843","0.64","-0.108","0"
"2019/06/01","00:00","6.713","5.748","5.417","3.186","3.109","0.801","0.597","-0.197","0"
"2019/07/01","00:00","6.657","5.784","5.44","3.176","3.092","0.745","0.551","-0.085","0"
"2019/08/01","00:00","6.601","5.84","5.568","3.261","3.161","0.755","0.584","-0.725","0"
"2019/09/01","00:00","6.801","5.82","5.584","3.284","3.189","0.794","0.633","-0.489","0"
"2019/10/01","00:00","7.48","6.079","5.764","3.514","3.414","1.063","0.866","-1.414","0"
"2019/11/01","00:00","7.001","5.623","5.285","3.041","2.943","0.6","0.381","-1.562","0"
"2019/12/01","00:00","6.962","5.463","5.046","2.861","2.785","0.525","0.167","-1.949","0"
"2020/01/01","00:00","6.532","5.282","4.915","2.73","2.667","0.42","0.203","-1.293","0"
"2020/02/01","00:00","6.555","5.226","4.865","2.644","2.557","0.249","-0.036","-1.919","0"
"2020/03/01","00:00","6.814","5.492","5.203","3.025","2.943","0.682","0.482","-1.119","0"
"2020/04/01","00:00","7.303","5.696","5.42","3.192","3.086","0.751","0.551","-1.673","0"
"2020/05/01","00:00","7.139","5.42","5.121","2.894","2.792","0.459","0.184","-1.644","0"
"2020/06/01","00:00","6.66","5.709","5.384","3.114","3.025","0.666","0.459","-0.157","0"
"2020/07/01","00:00","6.745","5.86","5.502","3.258","3.166","0.833","0.61","-0.089","0"
"2020/08/01","00:00","6.598","5.758","5.453","3.202","3.105","0.758","0.597","-0.341","0"
"2020/09/01","00:00","6.985","5.758","5.479","3.284","3.186","0.892","0.712","-0.374","0"
"2020/10/01","00:00","7.31","5.653","5.371","3.159","3.061","0.755","0.591","-0.538","0"
"2020/11/01","00:00","6.969","5.299","4.954","2.74","2.664","0.377","0.125","-1.122","0"
"2020/12/01","00:00","7.608","5.476","5.049","2.831","2.772","0.495","0.21","-0.853","0"
"2021/01/01","00:00","7.142","5.541","5.131","2.923","2.849","0.568","0.256","-1.309","0"
"2021/02/01","00:00","7.789","5.486","5.121","2.933","2.885","0.65","0.39","-0.696","0"
"2021/03/01","00:00","6.962","5.115","4.754","2.48","2.382","0.01","-0.144","-2.825","0"
"2021/04/01","00:00","6.804","5.492","5.213","2.966","2.877","0.541","0.364","-1.027","0"
"2021/05/01","00:00","7.585","5.351","5.052","2.844","2.756","0.459","0.207","-1.148","0"
"2021/06/01","00:00","6.634","5.499","5.148","2.949","2.849","0.551","0.318","-0.663","0"
"2021/07/01","00:00","6.617","5.748","5.394","3.228","3.133","0.873","0.669","-0.105","0"
"2021/08/01","00:00","6.736","5.702","5.374","3.255","3.163","0.951","0.794","0.089","0"
"2021/09/01","00:00","6.49","5.735","5.4","3.278","3.182","0.961","0.82","0.039","0"
"2021/10/01","00:00","7.3","6.073","5.735","3.612","3.519","1.302","1.106","-0.213","0"
"2021/11/01","00:00","6.932","5.551","5.223","3.015","2.945","0.666","0.443","-0.456","0"
"2021/12/01","00:00","6.716","5.354","4.993","2.749","2.679","0.364","0.121","-1.69","0"
"2022/01/01","00:00","7.484","5.453","4.97","2.759","2.679","0.387","0.115","-1.309","0"
"2022/02/01","00:00","6.234","4.852","4.491","2.349","2.287","0.079","-0.112","-1.739","0"
"2022/03/01","00:00","6.45","5.059","4.708","2.605","2.5","0.292","0.075","-0.84","0"
"2022/04/01","00:00","7.444","5.335","5.016","2.874","2.762","0.509","0.289","-1.345","0"
"2022/05/01","00:00","6.864","5.778","5.44","3.271","3.179","0.919","0.722","-0.371","0"
"2022/06/01","00:00","6.975","5.712","5.308","3.176","3.084","0.863","0.64","-0.322","0"
"2022/07/01","00:00","6.696","5.554","5.164","3.038","2.93","0.699","0.486","-0.328","0"
"2022/08/01","00:00","6.844","5.656","5.318","3.133","3.038","0.755","0.564","-0.387","0"
"2022/09/01","00:00","7.054","5.804","5.459","3.255","3.169","0.879","0.735","-0.256","0"
"2022/10/01","00:00","6.952","5.86","5.525","3.333","3.253","0.981","0.787","-0.358","0"
"2022/11/01","00:00","6.575","5.374","5.026","2.818","2.756","0.489","0.23","-1.138","0"
"2022/12/01","00:00","8.665","5.568","5.135","2.943","2.884","0.633","0.315","-1.821","0"
"2023/01/01","00:00","7.267","5.564","5.115","2.976","2.894","0.673","0.443","-1.499","0"
"2023/02/01","00:00","7.398","5.41","4.984","2.799","2.705","0.427","0.187","-1.831","0"
"2023/03/01","00:00","6.726","5.594","5.24","3.173","3.076","0.912","0.732","-1.165","0"
"2023/04/01","00:00","6.512","5.587","5.259","3.163","3.059","0.86","0.702","-0.614","0"
"2023/05/01","00:00","6.424","5.535","5.207","3.117","3.023","0.84","0.607","-0.144","0"
"2023/06/01","00:00","7.306","5.948","5.541","3.389","3.309","1.076","0.869","0.292","0"
"2023/07/01","00:00","6.742","5.909","5.482","3.333","3.228","0.978","0.774","-0.059","0"
"2023/08/01","00:00","6.929","5.837","5.492","3.255","3.184","0.876","0.659","-0.364","0"
"2023/09/01","00:00","7.146","5.932","5.679","3.478","3.392","1.106","0.942","-0.312","0"
"2023/10/01","00:00","7.195","5.945","5.636","3.455","3.369","1.102","0.909","-0.394","0"
"2023/11/01","00:00","7.313","5.758","5.387","3.238","3.173","0.958","0.755","-0.673","0"
"2023/12/01","00:00","7.27","5.692","5.262","3.153","3.068","0.873","0.591","-0.837","0"
"2024/01/01","00:00","8.573","5.755","5.305","3.245","3.169","1.033","0.63","-2.018","0"
"2024/02/01","00:00","7.11","5.81","5.472","3.402","3.264","1.056","0.85","-1.106","0"
"2024/03/01","00:00","8.002","5.587","5.22","3.156","3.035","0.85","0.604","-1.909","0"
"2024/04/01","00:00","7.313","5.925","5.594","3.474","3.369","1.145","0.919","-0.233","0"
"2024/05/01","00:00","7.077","5.932","5.604","3.474","3.373","1.138","0.876","-0.095","0"
"2024/06/01","00:00","6.749","5.62","5.259","3.091","3.002","0.741","0.482","-0.249","0"
"2024/07/01","00:00","6.342","5.64","5.256","3.11","3.015","0.778","0.564","-0.131","0"
"2024/08/01","00:00","6.985","5.758","5.407","3.258","3.196","0.984","0.768","-0.591","0"
"2024/09/01","00:00","7.395","5.968","5.696","3.566","3.478","1.263","1.109","-0.075","0"
"2024/10/01","00:00","7.149","5.64","5.351","3.215","3.13","0.909","0.712","-0.879","0"
"2024/11/01","00:00","7.543","5.545","5.148","3.061","2.961","0.774","0.561","-0.351","0"
"2024/12/01","00:00","6.352","5.197","4.734","2.618","2.538","0.341","0.072","-1.749","0"
"2025/01/01","00:00","6.309","4.826","4.432","2.277","2.188","-0.056","-0.322","-1.791","0"
"2025/02/01","00:00","6.739","4.964","4.537","2.434","2.379","0.22","-0.112","-1.575","0"
"2025/03/01","00:00","6.854","5.295","5.01","2.808","2.713","0.413","0.2","-1.119","0"